Date, Open, High, Low, Close, Volume
2014-02-24,101,103,101,101,523
2014-02-25,99.9,102.9,98.6,99.9,2119
2014-02-26,102.4,102.4,98.5,102.4,529
2014-02-28,103.8,105,101,103.8,2535
2014-03-03,101.1,104.8,101,101.1,109
2014-03-04,99.9,105,99,99.9,4210
2014-03-05,100.1,103.9,99.9,100.1,517
2014-03-07,99.9,100.3,99.9,99.9,2922
2014-03-10,100.2,103.7,99.1,100.2,3509
2014-03-11,99.1,103.4,99.1,99.1,272
2014-03-12,102.4,102.4,102.4,102.4,1
2014-03-13,99,99,99,99,100
2014-03-14,99.4,100,98,99.4,260
2014-03-17,100,102.2,98,100,254
2014-03-18,98.2,102,98,98.2,254
2014-03-19,101,101.9,98.1,101,93
2014-03-20,100.2,101.8,98.3,100.2,49
2014-03-21,100,102,98.8,100,2141
2014-03-24,100.2,103.2,99.3,100.2,6
2014-03-25,99.2,102.8,99,99.2,998
2014-03-26,99.8,102.8,99,99.8,36
2014-03-27,99.2,99.2,99.2,99.2,1
2014-03-28,100,102.8,99.2,100,1302
2014-03-31,99.2,102.8,99.1,99.2,344
2014-04-01,100,100,99.1,100,784
2014-04-02,99.9,100,99.9,99.9,159
2014-04-03,99.7,101.8,99,99.7,1501
2014-04-04,98.9,100,98.8,98.9,4133
2014-04-07,100,101.9,100,100,192
2014-04-08,99.9,100,99,99.9,917
2014-04-09,101.1,102,100,101.1,1800
2014-04-10,100,100,99.7,100,1300
2014-04-11,101,102.6,100,101,201
2014-04-16,99.7,99.8,99.7,99.7,3300
2014-04-17,105.1,109.3,99.8,105.1,3552
2014-04-21,104,109.4,100.1,104,1544
2014-04-22,101,110,100.8,101,32
2014-04-23,101.2,107.5,101,101.2,611
2014-04-24,101.2,106.6,101.2,101.2,122
2014-04-25,104.1,106.4,101.4,104.1,269
2014-04-28,101.6,105.9,101,101.6,7010
2014-04-29,101,103.9,101,101,3722
2014-04-30,101.1,104,101,101.1,5507
2014-05-02,103.9,104.2,100.8,103.9,23
2014-05-06,101.1,103.8,101.1,101.1,335
2014-05-07,101.3,101.3,101.3,101.3,240
2014-05-08,103,103,103,103,241
2014-05-09,103.4,103.7,101.1,103.4,344
2014-05-12,100.8,101.2,100.7,100.8,2504
2014-05-13,103.4,103.4,103.4,103.4,1
2014-05-16,101.2,103.4,101.1,101.2,450
2014-05-19,101.1,103.3,101.1,101.1,3278
2014-05-20,100.7,102,100.6,100.7,534
2014-05-21,101,101,100.6,101,1382
2014-05-22,100.1,101,100.1,100.1,1665
2014-05-23,100,104,99.2,100,2157
2014-05-26,100,101,99.6,100,1500
2014-05-27,100,100,99.6,100,999
2014-05-28,101,101,99.7,101,102
2014-05-29,100,101,100,100,250
2014-05-30,101.7,105.7,100,101.7,729
2014-06-02,99.8,103.6,99.7,99.8,3755
2014-06-03,104,104,103.9,104,3
2014-06-04,103.6,103.9,103.6,103.6,751
2014-06-05,101.5,103,99.9,101.5,7
2014-06-06,103.7,103.8,100,103.7,1001
2014-06-10,100,100,100,100,200
2014-06-11,101.6,102,100,101.6,3810
2014-06-13,101,102,101,101,300
2014-06-16,103.8,103.8,100.2,103.8,1806
2014-06-17,102,102,102,102,200
2014-06-18,101,102,101,101,1055
2014-06-19,103.9,104,101,103.9,4505
2014-06-20,102,104,102,102,532
2014-06-24,102,102,102,102,10
2014-06-25,103,103,101.5,103,101
2014-06-26,102,103,101.4,102,1520
2014-06-27,101.6,101.6,101.5,101.6,760
2014-06-30,101.7,101.8,101.6,101.7,200
2014-07-01,103,103.9,102,103,210
2014-07-02,102,102,101.6,102,11798
2014-07-03,104,106.5,103,104,3094
2014-07-04,105,106,105,105,12330
2014-07-07,110.2,113.5,105,110.2,43075
2014-07-08,117.9,119.8,110.2,117.9,21519
2014-07-09,116.1,118,115,116.1,3313
2014-07-10,111,115,111,111,1271
2014-07-11,110,114.5,107,110,344
2014-07-14,107.4,111.5,107,107.4,1550
2014-07-15,112,112,112,112,51
2014-07-16,111.9,112,111.9,111.9,1611
2014-07-17,115,115,113.9,115,3755
2014-07-18,112.9,114,110.1,112.9,107
2014-07-21,115.8,118.5,113.9,115.8,16551
2014-07-22,115.1,117.9,115.1,115.1,17706
2014-07-23,116.6,117.5,115.1,116.6,2477
2014-07-24,117.5,117.5,117.5,117.5,1
2014-07-25,117,117,117,117,1
2014-07-28,118.7,120,117.5,118.7,11179
2014-07-30,118,119,118,118,2050
2014-07-31,116.3,116.6,116,116.3,1100
2014-08-01,116.5,119.8,115.1,116.5,256
2014-08-04,115.2,117,115.2,115.2,670
2014-08-05,116,116,116,116,2
2014-08-06,117.9,118,116,117.9,13963
2014-08-07,123,124,119,123,28171
2014-08-08,123.8,124.8,121,123.8,10100
2014-08-11,124.5,124.8,123.9,124.5,2994
2014-08-12,125,128,124.8,125,4573
2014-08-13,129.2,134,124,129.2,47440
2014-08-14,131,134,128,131,10673
2014-08-15,117.5,127,115,117.5,19623
2014-08-18,115.8,118.5,115.1,115.8,2281
2014-08-19,117,119.7,117,117,1832
2014-08-20,115.1,118,115.1,115.1,994
2014-08-21,115.2,118,115,115.2,2307
2014-08-22,115,115.2,115,115,3380
2014-08-25,119.7,119.7,115,119.7,645
2014-08-27,115.1,119,115,115.1,232
2014-08-28,115,118.8,115,115,633
2014-08-29,118.7,118.8,113.5,118.7,462
2014-09-01,118,118.9,118,118,2054
2014-09-03,118.3,118.9,118,118.3,30
2014-09-04,117.9,118.9,117.9,117.9,12
2014-09-05,119.4,120.9,112,119.4,76233
2014-09-09,123.4,125,119.2,123.4,27762
2014-09-10,124.9,125,123.9,124.9,41942
2014-09-11,125.1,127,123.9,125.1,7867
2014-09-12,125.5,126.5,123,125.5,312
2014-09-15,125,126,121,125,2581
2014-09-16,124.4,124.5,120.1,124.4,1034
2014-09-17,124.8,126,120,124.8,5284
2014-09-18,126.4,126.5,125.9,126.4,5249
2014-09-19,128,128.4,128,128,620
2014-09-22,129.7,129.9,127.1,129.7,483
2014-09-23,129,129,129,129,51
2014-09-24,128,128,128,128,15
2014-09-25,128,128,128,128,111
2014-09-26,126.5,127,126.5,126.5,510
2014-09-29,125,125,125,125,1
2014-09-30,128.1,129,125,128.1,6924
2014-10-01,125,127.9,120.1,125,283
2014-10-02,127.8,132,126,127.8,4897
2014-10-03,120.9,127,120,120.9,1805
2014-10-09,123.1,129.8,122,123.1,711
2014-10-10,123.8,124.6,121.5,123.8,2620
2014-10-13,121.9,124.6,121,121.9,3117
2014-10-14,123,125,123,123,201
2014-10-15,124,124,122,124,1013
2014-10-17,122.8,122.8,110.1,122.8,961
2014-10-20,121,121,121,121,2
2014-10-21,120,120,120,120,330
2014-10-23,119.8,120,115.1,119.8,4762
2014-10-24,117,120.5,117,117,44
2014-10-27,117,117,117,117,15
2014-10-28,117.2,123,117,117.2,952
2014-10-29,118.1,118.1,118.1,118.1,33
2014-10-30,118,118,118,118,630
2014-10-31,119.1,123,117.5,119.1,176
2014-11-03,119,119,119,119,300
2014-11-04,118.3,118.5,118.1,118.3,887
2014-11-05,118.5,118.5,118.5,118.5,100
2014-11-07,118.6,122,118.5,118.6,10384
2014-11-10,117.5,118.5,117,117.5,1351
2014-11-11,121,121,117,121,41
2014-11-12,119.3,123.5,116,119.3,1290
2014-11-13,125.7,127.9,117.2,125.7,129
2014-11-14,125,125,121,125,8493
2014-11-17,123,125,123,123,826
2014-11-18,130,130,125,130,51956
2014-11-19,126,129.9,125,126,17398
2014-11-20,125.2,130,124,125.2,7747
2014-11-24,122,125,122,122,831
2014-11-25,118,118,117,118,2452
2014-11-26,117.2,118,117.2,117.2,418
2014-11-27,116.5,120,114.9,116.5,8261
2014-11-28,117,117,117,117,5000
2014-12-01,112,112,112,112,6
2014-12-02,121.6,124.8,117,121.6,720
2014-12-03,122,122.5,115.5,122,167
2014-12-09,117.1,117.1,117.1,117.1,20
2014-12-10,116.5,119,115,116.5,2176
2014-12-11,116.5,116.5,116,116.5,61
2014-12-12,116,116,116,116,198
2014-12-16,116.1,120,116,116.1,61
2014-12-17,114.3,114.3,114.3,114.3,15
2014-12-18,117.4,124,117,117.4,2120
2014-12-19,116.1,116.1,116.1,116.1,50
2014-12-23,115.6,115.6,115.6,115.6,1
2014-12-29,115.5,115.6,115.5,115.5,6842
2014-12-30,118.5,118.5,118.4,118.5,138
2014-12-31,118.5,118.5,118.5,118.5,15
2015-01-02,119,119,119,119,2000
2015-01-06,119,119,119,119,3941
2015-01-07,119.2,121,119,119.2,1886
2015-01-08,119.8,119.9,119,119.8,1142
2015-01-09,121.2,124.9,120.9,121.2,14
2015-01-12,125,126,124.9,125,4100
2015-01-13,120.2,120.2,120.2,120.2,3
2015-01-16,126.9,126.9,126.9,126.9,1
2015-01-19,120.9,120.9,120,120.9,450
2015-01-20,121,121,121,121,430
2015-01-21,121,124.5,121,121,543
2015-01-26,120.3,120.4,120.3,120.3,102
2015-01-27,118,119,118,118,48800
2015-01-28,118,118,118,118,20
2015-01-29,118,118,118,118,380
2015-01-30,123.5,123.5,116,123.5,6939
2015-02-02,115.5,122,115.4,115.5,111
2015-02-06,120,120,120,120,4
2015-02-09,120,120,120,120,200
2015-02-10,123.1,123.1,123.1,123.1,1
2015-02-11,123,123,120.1,123,478
2015-02-12,120,120.1,120,120,3674
2015-02-13,122.9,122.9,122.9,122.9,5
2015-02-16,120.9,120.9,120.9,120.9,1480
2015-02-18,114,114,114,114,10
2015-02-19,114,120.8,114,114,616
2015-02-20,120,120.2,119.9,120,56
2015-02-23,119.9,120,115,119.9,27
2015-02-25,115,115,115,115,32
2015-03-02,110.3,111.1,110.2,110.3,200
2015-03-03,110.7,112,110.5,110.7,3927
2015-03-04,111,117.8,111,111,502
2015-03-09,110.6,113,110.5,110.6,2430
2015-03-10,110.6,110.6,110.6,110.6,300
2015-03-13,111.1,111.1,111.1,111.1,10
2015-03-16,113.1,114.9,111.2,113.1,8
2015-03-17,115,115,114.9,115,7
2015-03-18,114.9,115,114.9,114.9,319
2015-03-24,105,110,101.1,105,4700
2015-03-25,113,113,113,113,1
2015-03-27,105.1,105.1,105.1,105.1,3558
2015-03-30,110,110,105.5,110,101
2015-03-31,105.7,110,105.5,105.7,1029
2015-04-01,106,106,106,106,60
2015-04-06,110.2,110.2,110,110.2,66
2015-04-07,110,110,110,110,80
2015-04-09,106.1,106.1,106.1,106.1,2
2015-04-16,113.1,115,110,113.1,4813
2015-04-17,118,119,106.5,118,371
2015-04-20,118,118,118,118,5
2015-04-22,117,117,117,117,5
2015-04-24,116,116,114,116,5
2015-04-27,118,118,115,118,360
2015-04-28,114.9,115.4,113.2,114.9,500
2015-04-29,115,115,115,115,35
2015-04-30,115.1,115.1,115.1,115.1,100
2015-05-05,111,113,110,111,711
2015-05-06,116.8,117.4,111.1,116.8,13
2015-05-07,117.4,117.4,117.3,117.4,100
2015-05-08,121.3,122.5,112,121.3,255
2015-05-11,123,123,123,123,10
2015-05-12,122.7,122.7,122.5,122.7,110
2015-05-13,125.3,126,122.9,125.3,7874
2015-05-14,124.6,124.9,115.2,124.6,104
2015-05-15,123,124.9,123,123,6
2015-05-18,125.4,128,115.3,125.4,17661
2015-05-20,120,127.9,120,120,3131
2015-05-21,127.4,127.5,127.4,127.4,1930
2015-05-22,125,125,125,125,300
2015-05-25,121.5,127,121.5,121.5,2
2015-05-27,126.7,126.9,125,126.7,1407
2015-05-28,125,126,116,125,184
2015-05-29,124.8,125,124,124.8,120
2015-06-01,125.6,126,125,125.6,2508
2015-06-03,120.1,125.6,120.1,120.1,3231
2015-06-04,125,125.1,120,125,5103
2015-06-05,116,125,116,116,87268
2015-06-08,120,123,116.5,120,2675
2015-06-09,121.2,122.5,116.7,121.2,21094
2015-06-10,124,124.5,123.9,124,1244
2015-06-11,123,124.3,122,123,901
2015-06-12,123.9,124,123.6,123.9,3251
2015-06-16,121,121,118.2,121,51
2015-06-17,118.1,118.2,118.1,118.1,3006
2015-06-18,118.1,123.9,122.1,118.1,91
2015-06-19,120,123.9,114,120,1252
2015-06-22,121,121,121,121,250
2015-06-23,121,121,121,121,2
2015-06-24,123,123.9,121,123,211
2015-06-29,122,122.8,118,122,2380
2015-06-30,122.5,122.5,122.5,122.5,174
2015-07-02,118,118.5,118,118,200
2015-07-03,118,122,118,118,43
2015-07-06,118,122,117,118,21
2015-07-07,122,122.5,122,122,176
2015-07-08,122,122,117,122,21
2015-07-09,117,121.9,117,117,101
2015-07-13,117,120,120,117,11
2015-07-14,117,121.9,121.9,117,1
2015-07-15,121,121.9,121,121,12756
2015-07-16,121,124,124,121,1
2015-07-17,121,123.8,121,121,8985
2015-07-20,122,124.9,121.2,122,10153
2015-07-21,120,122.9,120,120,5551
2015-07-22,126,127,120.3,126,47490
2015-07-23,128.7,129.5,127,128.7,37257
2015-07-24,133.7,137,129,133.7,143870
2015-07-27,131.8,133.9,130,131.8,38849
2015-07-28,130.4,134,130,130.4,27134
2015-07-29,135.2,138,130,135.2,45244
2015-07-30,135.2,137.9,132.1,135.2,12270
2015-08-03,135.2,136.4,134,135.2,10
2015-08-04,132,134,132,132,1824
2015-08-05,138.5,140,134,138.5,56614
2015-08-06,141.8,143.7,141,141.8,47460
2015-08-07,140.7,143.4,139,140.7,12420
2015-08-10,146.5,147.4,141,146.5,68576
2015-08-11,158.7,163.5,146.5,158.7,148288
2015-08-12,154.3,162,153.1,154.3,24349
2015-08-13,155.7,158.9,153.7,155.7,30101
2015-08-14,162.6,164.9,151.9,162.6,124351
2015-08-17,155.5,160,150,155.5,46481
2015-08-18,153,160,152,153,49804
2015-08-19,152.6,155,152.6,152.6,3242
2015-08-20,149.9,154.9,145,149.9,9875
2015-08-21,153,154,150,153,1565
2015-08-24,145.5,152,145,145.5,7376
2015-08-25,140.6,145.5,131,140.6,5822
2015-08-26,143.9,147.9,143,143.9,14423
2015-08-27,150.7,154,143,150.7,10636
2015-08-28,153,153.8,149,153,3270
2015-08-31,147.1,153,147,147.1,9766
2015-09-01,147.1,152.4,147.1,147.1,639
2015-09-02,145.5,149,145.2,145.5,4788
2015-09-03,145.2,149,145.2,145.2,810
2015-09-04,145.1,148.9,145.1,145.1,3530
2015-09-07,143,145.2,140,143,1568
2015-09-08,140.3,144.4,140.1,140.3,1007
2015-09-09,142.8,142.8,135.2,142.8,1401
2015-09-10,140,141,140,140,2455
2015-09-11,139,148.7,139,139,5760
2015-09-14,139,146,146,139,2
2015-09-15,145,148,145,145,3362
2015-09-16,140.2,140.2,140.1,140.2,500
2015-09-17,139.7,145.4,136.6,139.7,4190
2015-09-18,140,145.4,140,140,2551
2015-09-21,137.2,142.5,137,137.2,7844
2015-09-22,144.6,145.4,141.9,144.6,9098
2015-09-23,143.7,145,141,143.7,8357
2015-09-25,143.6,144.2,140,143.6,8063
2015-09-28,138.3,144.1,138.2,138.3,427
2015-09-29,139,140,136.1,139,2010
2015-09-30,137.8,143,136.1,137.8,2063
2015-10-01,140,141.5,138,140,2552
2015-10-02,142,142,139.9,142,412
2015-10-05,139.9,142,139.1,139.9,781
2015-10-06,140.7,145,140,140.7,6628
2015-10-07,144.8,144.9,142.8,144.8,104
2015-10-08,145.4,150,140,145.4,14768
2015-10-09,148.2,150,147.9,148.2,3570
2015-10-12,146,148,146,146,8046
2015-10-13,143.4,146,143.4,143.4,1001
2015-10-14,143,143,141.5,143,1001
2015-10-15,140,144.9,140,140,104
2015-10-16,139.9,144.9,139.9,139.9,611
2015-10-19,139.9,140,139.5,139.9,2050
2015-10-20,139.9,144.9,143,139.9,11
2015-10-21,140,140,140,140,2000
2015-10-22,147.1,151,137.6,147.1,24552
2015-10-23,150.1,153,148,150.1,14363
2015-10-26,150.1,150.5,150.5,150.1,10
2015-10-28,150.1,148.2,148.2,150.1,2
2015-10-29,145.7,150,142.1,145.7,6410
2015-10-30,142.3,145.9,139,142.3,4135
2015-11-02,144.8,144.8,140,144.8,3115
2015-11-03,144.2,144.3,140,144.2,8089
2015-11-05,138.3,143,137.6,138.3,1060
2015-11-06,138.3,144.8,144.8,138.3,50
2015-11-11,140,140,140,140,1000
2015-11-12,140,138.5,138,140,49
2015-11-13,139.9,142,138.2,139.9,5528
2015-11-16,141.9,142,141,141.9,2625
2015-11-17,142.8,143,140,142.8,7299
2015-11-18,144.6,145,141,144.6,4486
2015-11-19,146,148.4,141.2,146,2114
2015-11-23,147.1,147.5,146.8,147.1,1533
2015-11-24,143,146.9,141,143,1518
2015-11-27,143,146,146,143,20
2015-12-02,143,143,143,143,33
2015-12-03,143,144,143,143,1030
2015-12-04,145.8,146,145,145.8,625
2015-12-08,140.4,144.8,138.1,140.4,151
2015-12-09,140.4,140,140,140.4,14
2015-12-10,140.4,139.1,139,140.4,13
2015-12-11,140,140,140,140,264
2015-12-14,138.3,140,138,138.3,1142
2015-12-15,137.4,139,137,137.4,548
2015-12-16,139,139,139,139,105
2015-12-17,139,139,139,139,1100
2015-12-18,139,140,139,139,22
2015-12-21,139,137.5,137.5,139,75
2015-12-22,140,140,139.9,140,502
2015-12-23,140,139,139,140,22
2015-12-28,139,139,139,139,105
2015-12-29,138.9,139,137,138.9,725
2015-12-30,138.9,138.9,138.9,138.9,100
2015-12-31,135.4,139,135,135.4,840
2016-01-04,135.4,142,142,135.4,10
2016-01-06,135.6,143.9,135,135.6,536
2016-01-07,135.6,142.9,142.9,135.6,2
2016-01-08,131.6,134.9,130,131.6,2323
2016-01-11,128,128,128,128,201
2016-01-12,128,128,127,128,105
2016-01-13,125,133,125,125,7520
2016-01-14,124.8,125.6,120,124.8,11660
2016-01-18,120,120,120,120,1105
2016-01-19,116.4,120,110,116.4,28194
2016-01-21,118.6,120.5,116,118.6,46001
2016-01-22,119,124,119,119,750
2016-01-25,119.1,119.1,119.1,119.1,100
2016-01-27,119.1,119,119,119.1,6
2016-01-28,119,119.3,119,119,1280
2016-01-29,120,120,119,120,8737
2016-02-01,120,119.9,119.9,120,5
2016-02-02,119.9,119.9,119.9,119.9,12965
2016-02-03,119.9,119.9,119.9,119.9,6
2016-02-05,120.3,122.5,120,120.3,11396
2016-02-08,120,120,120,120,16289
2016-02-09,117.4,120,116.8,117.4,3094
2016-02-10,120,129,120,120,10001
2016-02-11,115,117,115,115,6722
2016-02-15,114,115,114,114,2156
2016-02-16,116.4,118,114.8,116.4,28824
2016-02-17,118.6,119,117,118.6,8710
2016-02-18,119.8,121.9,117,119.8,38484
2016-02-19,120.9,120.9,120.9,120.9,200
2016-02-23,117,119,116.6,117,3973
2016-02-24,116.5,117,116.5,116.5,4400
2016-02-25,116.5,116.1,115.3,116.5,70
2016-02-29,112,113.5,112,112,4178
2016-03-01,116,116,112,116,112
2016-03-02,110.1,111.1,110,110.1,2021
2016-03-03,110,110,109.8,110,168
2016-03-04,108.1,110,108.1,108.1,452
2016-03-08,102.8,108.1,101,102.8,5982
2016-03-09,103.1,106.1,95.6,103.1,17248
2016-03-10,108.6,110,100.1,108.6,13374
2016-03-11,108.5,110,105.1,108.5,21933
2016-03-14,106.6,107,106,106.6,155
2016-03-15,106.9,106.9,106.9,106.9,100
2016-03-16,111.1,115,108.5,111.1,8064
2016-03-17,112.6,114.5,112,112.6,2800
2016-03-18,109,109,109,109,260
2016-03-23,110,110,110,110,120
2016-03-24,110,108,108,110,5
2016-03-28,110,111,105,110,25
2016-03-29,101,101.1,101,101,240
2016-03-30,101,110,103.1,101,8
2016-03-31,111.1,112,103.2,111.1,1486
2016-04-01,111.1,112.7,107.1,111.1,61
2016-04-04,112.8,112.8,112.7,112.8,1200
2016-04-05,116.3,118,112.7,116.3,10887
2016-04-06,116.3,117.9,115,116.3,42
2016-04-07,120,122,117,120,9345
2016-04-08,120.1,124.6,120,120.1,220
2016-04-11,118,118,118,118,210
2016-04-12,121,121,121,121,500
2016-04-15,122.9,122.9,122.9,122.9,241
2016-04-18,120.4,123,117.2,120.4,3546
2016-04-20,123.3,124,122.9,123.3,14169
2016-04-22,123.6,124.9,123.5,123.6,1101
2016-04-25,120,125.9,120,120,152
2016-04-26,125.4,128.8,120,125.4,13975
2016-04-27,127.1,131,123,127.1,11100
2016-04-28,129.1,130,127.6,129.1,3801
2016-04-29,132,133,129,132,18351
2016-05-03,131,133.9,131,131,20224
2016-05-04,130.1,135,130.1,130.1,2554
2016-05-05,130,130,130,130,2406
2016-05-06,132,132,131,132,3071
2016-05-09,130,133.9,130,130,1204
2016-05-10,128.8,130,127,128.8,3374
2016-05-11,129.8,130,129,129.8,211
2016-05-12,129,129,129,129,1000
2016-05-13,137.1,139.8,128,137.1,15048
2016-05-16,137.1,138,137,137.1,1100
2016-05-17,134,135,134,134,1215
2016-05-18,133.2,136,133,133.2,1150
2016-05-19,135.1,136,132.1,135.1,20572
2016-05-20,131.2,132.2,131.1,131.2,1639
2016-05-24,131.5,131.5,131.5,131.5,800
2016-05-25,131.5,132,131.5,131.5,2301
2016-05-26,132.1,133,131.5,132.1,4439
2016-05-27,132.5,134.8,132,132.5,7319
2016-05-30,133.4,133.4,132.5,133.4,4431
2016-06-01,131.5,131.6,131.5,131.5,2050
2016-06-03,130,131.5,130,130,4868
2016-06-06,129.9,135,129.5,129.9,2954
2016-06-07,129.9,128.3,128.3,129.9,1
2016-06-08,131.4,132,128.3,131.4,1270
2016-06-09,125.2,128.2,125.1,125.2,100050
2016-06-10,125.2,130,129.9,125.2,50
2016-06-13,125.2,130,130,125.2,66
2016-06-15,125.2,129.8,125,125.2,1903
2016-06-16,124,124,124,124,678
2016-06-17,125,125,125,125,588
2016-06-20,125.5,127,125.5,125.5,1030
2016-06-21,129.3,130.1,126,129.3,15612
2016-06-22,126.1,126.1,126.1,126.1,6318
2016-06-23,127,128.9,125,127,10842
2016-06-24,126,129,123,126,1673
2016-06-27,125,126.3,124.9,125,2185
2016-06-28,123.2,124.9,123.1,123.2,329
2016-06-29,121.1,124,120.2,121.1,71675
2016-06-30,123.5,123.5,121.2,123.5,6467
2016-07-01,127.8,128,125.4,127.8,3310
2016-07-04,127.8,127,127,127.8,2
2016-07-05,126,129,126,126,1574
2016-07-07,127.9,128,126,127.9,1642
2016-07-08,127.5,128,126,127.5,7275
2016-07-11,127.5,127,127,127.5,6
2016-07-12,125.8,127.5,125.1,125.8,1815
2016-07-13,125,127,123,125,7251
2016-07-14,123,125.4,123,123,51160
2016-07-15,123.5,125.4,123.5,123.5,1151
2016-07-18,124.1,126.9,124,124.1,17831
2016-07-20,124.1,123.5,123.5,124.1,7
2016-07-21,124.1,125,125,124.1,1
2016-07-22,125,125,123.3,125,201
2016-07-25,123,124,123,123,19275
2016-07-26,123,124,123,123,4001
2016-07-28,123,124,124,123,5
2016-07-29,123,123,123,123,100
2016-08-01,124,124,124,124,200
2016-08-02,125.5,126,123,125.5,1039
2016-08-03,125.5,127,124.3,125.5,20
2016-08-04,125.5,121.5,121.5,125.5,25
2016-08-05,125.5,130,130,125.5,10
2016-08-08,125.5,126,126,125.5,50
2016-08-09,125.5,125.5,125.5,125.5,9
2016-08-10,130,135,121.7,130,10052
2016-08-11,128.7,132,128,128.7,600
2016-08-12,130.1,133.6,129,130.1,32624
2016-08-15,126.7,128.5,125,126.7,1317
2016-08-16,126.2,131.9,126,126.2,14238
2016-08-18,128,128,128,128,500
2016-08-19,125,129,125,125,2205
2016-08-22,126.2,127,125.6,126.2,1355
2016-08-23,127,128,124,127,46057
2016-08-24,126,128,121,126,11405
2016-08-25,128,128,128,128,200
2016-08-26,122.6,123,122,122.6,4018
2016-08-29,122.6,125,125,122.6,1
2016-08-31,126.9,128,126.9,126.9,5841
2016-09-01,126.9,127,126,126.9,5901
2016-09-02,124.5,126.9,124.5,124.5,10473
2016-09-05,124.8,125,124.6,124.8,16164
2016-09-06,124.8,125,124.7,124.8,199
2016-09-07,126,126.9,124.6,126,1233
2016-09-08,126.6,126.8,124.5,126.6,3603
2016-09-09,126.8,127.2,126.6,126.8,390
2016-09-13,126.8,126.5,126.5,126.8,50
2016-09-14,126.5,126.5,126.5,126.5,605
2016-09-19,126,126,126,126,101
2016-09-20,125,125,124,125,281
2016-09-21,122.5,125,122.5,122.5,3706
2016-09-22,123,125,122,123,1249
2016-09-23,122,124,122,122,1000
2016-09-26,125.2,126,122,125.2,553
2016-09-27,122,125,121.2,122,30358
2016-09-28,120,125,120,120,4264
2016-09-29,121,121,120.5,121,1000
2016-09-30,118,122,118,118,40485
2016-10-03,122,122,122,122,100
2016-10-04,122,122,121.9,122,3586
2016-10-05,124.4,124.8,120,124.4,5714
2016-10-06,123.7,124,123.5,123.7,2013
2016-10-07,121,123,121,121,1005
2016-10-10,120,120,120,120,101
2016-10-11,120,121,120.9,120,10
2016-10-12,120,117.1,117,120,20
2016-10-13,117.5,118,117,117.5,7300
2016-10-14,119.3,123.9,118.5,119.3,3586
2016-10-17,117.1,117.5,117,117.1,1306
2016-10-18,117.4,123.4,116.7,117.4,13270
2016-10-20,118.5,118.5,118.5,118.5,300
2016-10-21,119.2,119.5,118.5,119.2,700
2016-10-24,114.3,116.3,112.1,114.3,2260
2016-10-25,115,115,114,115,800
2016-10-26,115.3,115.3,115.3,115.3,1000
2016-10-31,116,116,116,116,609
2016-11-01,115,115,115,115,1879
2016-11-02,113.3,115,112,113.3,600
2016-11-03,112.2,120,112.1,112.2,111
2016-11-08,115.4,116,112.3,115.4,120
2016-11-10,112.5,112.5,112.5,112.5,100
2016-11-11,112.5,112.5,112.5,112.5,6
2016-11-15,112.5,112.5,112.5,112.5,3
2016-11-16,112.4,112.5,112.4,112.4,4067
2016-11-17,112.4,113,113,112.4,1
2016-11-18,112.4,117,117,112.4,10
2016-11-21,112.4,112.4,112.4,112.4,142
2016-11-23,109.9,110,106,109.9,264
2016-11-24,109,109,109,109,100
2016-11-25,109,106,106,109,4
2016-11-28,109,109,109,109,2494
2016-11-29,109,109,109,109,187
2016-11-30,105,105,105,105,300
2016-12-02,105.1,105.3,105.1,105.1,2000
2016-12-05,105.1,108,105,105.1,1360
2016-12-08,105.6,107,105,105.6,500
2016-12-14,105.6,105,105,105.6,31
2016-12-15,105,105,105,105,300
2016-12-20,102.6,105,102.1,102.6,3666
2016-12-21,105,105,104.5,105,2728
2016-12-22,103.5,105,102,103.5,200
2016-12-28,103.2,105,102,103.2,604
2016-12-30,100.1,102.1,100,100.1,4378
2017-01-03,100.1,100.1,100.1,100.1,40
2017-01-04,100.2,104.1,100,100.2,1393
2017-01-05,107.2,107.5,100,107.2,220
2017-01-06,100.1,100.4,100,100.1,380
2017-01-09,99.7,100,98.7,99.7,3909
2017-01-11,104.6,105,103,104.6,202
2017-01-13,104.9,105,104,104.9,422
2017-01-16,104.9,101,101,104.9,3
2017-01-17,104.9,100.2,100.2,104.9,80
2017-01-18,104.9,100.2,100.2,104.9,51
2017-01-19,100.1,100.2,100,100.1,371
2017-01-20,100.1,100.1,100.1,100.1,8
2017-01-23,105,105,104.8,105,100
2017-01-24,105,104.8,104.8,105,5
2017-01-25,100.6,102,100,100.6,1391
2017-01-26,104,104,104,104,100
2017-01-27,100,100.1,100,100,120
2017-01-30,100,100,100,100,10
2017-02-01,100,100,100,100,140
2017-02-03,99,99.1,99,99,248
2017-02-07,96.2,96.2,96.2,96.2,300
2017-02-08,96.2,97.1,97.1,96.2,50
2017-02-09,97,100,97,97,147
2017-02-13,97,97,97,97,941
2017-02-14,97,100,97,97,3541
2017-02-17,95.1,95.2,95.1,95.1,719
2017-02-20,95.1,95.1,95.1,95.1,14
2017-02-21,95,95.2,95,95,716
2017-02-22,93.1,94.1,93,93.1,939
2017-02-23,95,95,94,95,1054
2017-02-27,96.8,97,94,96.8,585
2017-02-28,94.1,97,94.1,94.1,162
2017-03-01,94,95.9,93,94,433
2017-03-02,92,95,92,92,244
2017-03-03,93,93,93,93,270
2017-03-06,92,92,92,92,100
2017-03-07,91,91.8,91,91,371
2017-03-08,90.5,91,90.5,90.5,716
2017-03-09,90.1,90.2,90,90.1,263
2017-03-10,89,92,87,89,1220
2017-03-13,87.3,89,87.3,87.3,435
2017-03-14,87.2,89,87.1,87.2,420
2017-03-16,87.2,88,87,87.2,20
2017-03-17,87.5,89,87,87.5,325
2017-03-20,87,87,87,87,180
2017-03-21,87,87,85.2,87,58
2017-03-22,87,87,85.2,87,92
2017-03-23,85.6,85.6,85.1,85.6,191
2017-03-24,85.6,87,85.3,85.6,12
2017-03-27,85.6,89.5,88,85.6,53
2017-03-29,88,88,86,88,1856
2017-03-30,88,89.2,86,88,11
2017-03-31,88.2,90,88,88.2,1355
2017-04-05,90.1,91,90,90.1,292
2017-04-06,90.1,92.4,92.4,90.1,2
2017-04-07,99.6,100,97,99.6,532
2017-04-11,98,99,97.9,98,2651
2017-04-12,100,100,95.3,100,4861
2017-04-17,98.9,100,98,98.9,1101
2017-04-18,98,99.9,97,98,437
2017-04-20,98,98,98,98,110
2017-04-21,100,100.9,97,100,226
2017-04-24,100,100,100,100,1010
2017-04-26,100.1,100.9,100,100.1,417
2017-04-27,100,100,97,100,1048
2017-04-28,100.3,100.8,100,100.3,1607
2017-05-02,100,100,98,100,7671
2017-05-03,100,98,98,100,3
2017-05-04,100,100,100,100,1000
2017-05-08,97,97,97,97,203
2017-05-09,97,100,97,97,31
2017-05-12,97,97,97,97,355
2017-05-17,97,97.1,97,97,500
2017-05-18,98,103.5,97,98,21358
2017-05-19,97,97,97,97,120
2017-05-22,97,101.9,101.9,97,5
2017-05-23,101.8,101.8,101.8,101.8,100
2017-05-24,101.8,101.9,101.9,101.8,6
2017-05-25,102,111.9,97.5,102,6082
2017-05-26,102,109,109,102,1
2017-05-29,109,110,108.9,109,1100
2017-05-30,104.1,105,104,104.1,110
2017-05-31,103.1,104.2,103,103.1,26264
2017-06-01,103.1,103.9,100,103.1,64
2017-06-06,97.1,103,97,97.1,515
2017-06-09,97,97.1,97,97,2525
2017-06-12,98,99.9,98,98,151
2017-06-13,98,96.2,96.2,98,1
2017-06-14,96.2,96.2,96.2,96.2,195
2017-06-15,96.2,98,98,96.2,3
2017-06-16,98,98,98,98,328
2017-06-20,98,99,96.2,98,26
2017-06-21,98,97.8,95.8,98,3
2017-06-22,98,104.9,98,98,91
2017-06-23,98,99,98,98,273
2017-06-27,99.6,99.9,99.5,99.6,100
2017-06-28,99.6,98,98,99.6,67
2017-06-29,98,98,98,98,301
2017-07-03,98,98,98,98,300
2017-07-04,98,98,98,98,300
2017-07-05,91,98,91,91,2050
2017-07-06,92,92,92,92,3280
2017-07-07,92,93,93,92,78
2017-07-10,93.5,93.5,93.5,93.5,122
2017-07-11,97.9,98,95,97.9,103
2017-07-12,95.5,98,95,95.5,4985
2017-07-13,99.8,99.9,98,99.8,2486
2017-07-14,99.8,99.1,99,99.8,15
2017-07-17,99.8,96.2,96.2,99.8,10
2017-07-18,99.8,97,97,99.8,5
2017-07-20,99.8,96.6,96.6,99.8,3
2017-07-24,99.8,96.6,96.6,99.8,1
2017-07-25,99.9,99.9,99.8,99.9,347
2017-07-26,99.9,96.6,96.6,99.9,1
2017-07-27,96.9,97,96.9,96.9,310
2017-07-28,96.7,97,96.2,96.7,110
2017-08-01,96.7,99,99,96.7,1
2017-08-02,96.1,96.2,96,96.1,100
2017-08-03,96,96.2,96,96,1050
2017-08-04,95.5,95.6,95.3,95.5,419
2017-08-08,95.5,95.1,95.1,95.5,31
2017-08-11,95.5,97.9,97.9,95.5,6
2017-08-14,95.5,97.9,97.9,95.5,1
2017-08-15,95.5,97.9,95.5,95.5,544
2017-08-16,95.5,97.8,95,95.5,23
2017-08-18,95.8,96,95.8,95.8,1050
2017-08-21,95.8,97,95.2,95.8,70
2017-08-23,95.6,97,95.6,95.6,202
2017-08-24,95.3,97,95.3,95.3,102
2017-08-25,95.3,97,97,95.3,1
2017-08-28,95.3,97,95.2,95.3,95
2017-08-29,95.3,95.3,95.3,95.3,41
2017-08-30,95.3,96,96,95.3,1
2017-09-04,95.3,96,94.5,95.3,12
2017-09-06,95,95,95,95,100
2017-09-07,93,95,93,93,124
2017-09-12,90.9,95.5,90.5,90.9,3592
2017-09-13,86.2,94.9,86.1,86.2,24501
2017-09-14,94,94,94,94,100
2017-09-15,95,95,95,95,406
2017-09-18,95,95.5,91.4,95,13
2017-09-19,95.6,95.6,91.5,95.6,25893
2017-09-20,95.4,95.5,91.6,95.4,1023
2017-09-21,95,95,95,95,2437
2017-09-22,95.4,95.5,95.4,95.4,763
2017-09-25,95.4,91.6,91.6,95.4,2
2017-09-26,95.3,95.5,91.6,95.3,105
2017-09-28,95.3,91.8,91.8,95.3,1
2017-09-29,95.3,98,98,95.3,1
2017-10-02,93.8,98,92.1,93.8,200
2017-10-03,92.5,94.9,92.3,92.5,406
2017-10-04,94.3,94.3,92.4,94.3,451
2017-10-06,92.6,92.6,92.5,92.6,149
2017-10-09,92.6,92.7,92.7,92.6,2
2017-10-10,92.6,93.8,93.2,92.6,58
2017-10-12,94,94,94,94,205
2017-10-13,93,97,93,93,341
2017-10-17,93,93,93,93,4
2017-10-19,95,97,93,95,322
2017-10-20,95,95,95,95,201
2017-10-23,93,94,93,93,210
2017-10-26,93.2,93.4,93,93.2,3650
2017-10-27,93,98,93,93,727
2017-10-31,90.9,94.5,90,90.9,3433
2017-11-02,91,91.5,91,91,3004
2017-11-06,91,91,91,91,2501
2017-11-07,90.2,92,90.1,90.2,1613
2017-11-08,90.3,93,90.1,90.3,135
2017-11-09,90.3,92.9,90.3,90.3,1001
2017-11-10,90,90,90,90,836
2017-11-13,92,92.8,90,92,1433
2017-11-14,90.8,92.8,90.8,90.8,1054
2017-11-15,90,93.9,90,90,2139
2017-11-16,88.1,90,88.1,88.1,1318
2017-11-17,88.2,88.5,88,88.2,5312
2017-11-21,88,88,88,88,100
2017-11-22,88,87.9,85.3,88,11
2017-11-23,85.3,87.9,85,85.3,908
2017-11-24,85.3,87,87,85.3,1
2017-11-27,85.3,87.9,87.9,85.3,12
2017-11-28,87.3,87.5,87,87.3,577
2017-11-29,87.3,87,87,87.3,45
2017-11-30,87,87,86.2,87,219
2017-12-04,87,87,87,87,200
2017-12-05,85,85.1,85,85,664
2017-12-06,85,87,87,85,1
2017-12-07,85,84.3,84.3,85,10
2017-12-08,85,84.5,84.5,85,3
2017-12-11,85,84.5,84.5,85,10
2017-12-12,84.5,84.5,84.5,84.5,990
2017-12-13,86.8,90.6,86,86.8,118
2017-12-14,85,90.4,85,85,1008
2017-12-15,85,89.9,84.3,85,21
2017-12-18,88,88,88,88,200
2017-12-19,88,88,88,88,14
2017-12-20,88,85,85,88,22
2017-12-21,84.5,85,84.5,84.5,210
2017-12-22,84.5,90.5,90.5,84.5,1
2017-12-29,84.5,84.5,84.5,84.5,2
2018-01-02,84.5,85,85,84.5,20
2018-01-03,84.5,85,85,84.5,93
2018-01-05,84.5,89,89,84.5,15
2018-01-08,71.5,89,71.5,71.5,701
2018-01-09,71.5,82.1,82,71.5,11
2018-01-10,83,83,83,83,202
2018-01-12,83,83,83,83,1
2018-01-16,83,83.1,83,83,81
2018-01-17,83,83,83,83,501
2018-01-18,83,83,83,83,18
2018-01-23,86,86,86,86,100
2018-01-25,81.1,81.1,81.1,81.1,100
2018-01-29,81.2,81.2,81.2,81.2,200
2018-02-06,81.2,82,82,81.2,3
2018-02-12,81.2,84.8,76.5,81.2,98
2018-02-14,81.2,80.6,80,81.2,89
2018-02-15,83.2,88,82,83.2,660
2018-02-16,90,90,89.9,90,25170
2018-02-19,90,86.1,85,90,32
2018-02-20,85.1,85.3,85,85.1,466
2018-02-21,85.1,89.9,89,85.1,5
2018-02-22,85.1,85.1,85.1,85.1,70
2018-02-23,85.1,85.1,85,85.1,216
2018-02-26,85.4,89.8,85.1,85.4,428
2018-03-02,85.4,86.1,86.1,85.4,64
2018-03-06,86,86,86,86,866
2018-03-07,86,86,86,86,102
2018-03-08,85,86,85,85,2186
2018-03-09,85,89.4,89.4,85,80
2018-03-13,85.4,91,85,85.4,618
2018-03-15,85.4,89,85.4,85.4,96
2018-03-16,91.6,94,88,91.6,1057
2018-03-21,91.6,92,85.5,91.6,4
2018-03-22,87,87,87,87,500
2018-03-26,87,90,90,87,5
2018-03-27,87,87,87,87,1003
2018-03-28,87,90,90,87,1
2018-03-29,84.3,85,84.2,84.3,1587
2018-04-03,88,88,88,88,100
2018-04-06,85.5,88,85,85.5,1345
2018-04-12,85.2,85.2,85.1,85.2,1719
2018-04-16,86,86,86,86,100
2018-04-17,85.2,85.4,85.1,85.2,3218
2018-04-18,90,95,89.8,90,167
2018-04-19,88,90,86.1,88,400
2018-04-23,90,90,86.8,90,20267
2018-04-25,85.7,90,85.7,85.7,1009
2018-04-26,85.9,86,85.9,85.9,1050
2018-04-27,86,86.1,86,86,1016
2018-05-03,86,86,86,86,43
2018-05-04,86.1,86.1,86.1,86.1,400
2018-05-10,86.1,89,89,86.1,5
2018-05-14,88,88,88,88,100
2018-05-17,85,85.1,85,85,923
2018-05-18,85,81.6,81.5,85,62
2018-05-23,82.9,84,82.8,82.9,607
2018-05-24,84,84,83,84,2917
2018-05-25,84,84,84,84,129
2018-05-30,86,86,83,86,10512
2018-06-01,84,84,83.1,84,3503
2018-06-04,83.5,83.5,83.5,83.5,100
2018-06-06,83.6,84,83.5,83.6,397
2018-06-07,83.6,83.5,83.5,83.6,4
2018-06-08,81.5,83.5,81.5,81.5,4019
2018-06-12,88.9,89.5,86,88.9,9980
2018-06-20,78,78.1,78,78,1295
2018-06-21,79.5,79.5,79.5,79.5,500
2018-06-22,79,79.1,79,79,1500
2018-06-26,78.1,79,78,78.1,2369
2018-06-29,77,77.1,75,77,2973
2018-07-02,77,80,75.9,77,28
2018-07-04,77,77,77,77,100
2018-07-05,77,77,76.1,77,33
2018-07-09,73.1,75,73,73.1,360
2018-07-11,73.1,77,77,73.1,40
2018-07-12,75.5,77,75.1,75.5,157
2018-07-13,75.5,77,77,75.5,50
2018-07-16,75,76,75,75,867
2018-07-19,76,76,76,76,975
2018-07-20,76,79.9,79.9,76,10
2018-07-23,73,73,73,73,1000
2018-07-24,73,73.1,73.1,73,5
2018-07-25,73.2,73.2,73.2,73.2,100
2018-07-26,75,78,75,75,657
2018-07-30,75,75,75,75,200
2018-07-31,75,75,75,75,1310
2018-08-01,74,74,74,74,200
2018-08-02,74,74.5,74.1,74,61
2018-08-03,74.1,74.1,74,74.1,305
2018-08-06,74.1,74.5,74.1,74.1,15
2018-08-07,75.5,76,75.5,75.5,400
2018-08-08,74,74,74,74,700
2018-08-09,74.1,77,73.5,74.1,501
2018-08-10,73,73,73,73,100
2018-08-15,72.8,73,71,72.8,232
2018-08-16,71,76.9,71,71,532
2018-08-17,70,75.4,70,70,316
2018-08-20,70,70.1,70.1,70,12
2018-08-21,70,71,71,70,40
2018-08-23,70,75.4,74,70,32
2018-08-24,70,71,70,70,1315
2018-08-27,70,74.5,70,70,14
2018-08-28,70,70,70,70,185
2018-08-29,70,70.1,70,70,598
2018-08-30,70,73.9,70,70,601
2018-09-04,73.8,73.8,73.8,73.8,124
2018-09-05,73.9,73.9,73.8,73.9,175
2018-09-10,73.9,75.1,72,73.9,53
2018-09-12,74.9,74.9,74.9,74.9,290
2018-09-13,74.9,75,74.9,74.9,260
2018-09-17,74.9,75,73,74.9,4317
2018-09-18,71,71,71,71,500
2018-09-20,71,75,74.9,71,16
2018-09-21,71,74,74,71,10
2018-09-28,71,66.2,66.2,71,20
2018-10-02,71,72,72,71,20
2018-10-03,71,76.7,76.7,71,10
2018-10-04,71,73.8,73.8,71,80
2018-10-08,71,67.5,67.5,71,34
2018-10-10,71,72.5,68,71,3
2018-10-12,71,68.1,68.1,71,2
2018-10-15,71,68.1,68.1,71,1
2018-10-16,71,68.2,68.2,71,30
2018-10-17,71,73,72.9,71,30
2018-10-18,71,72.9,72.9,71,1
2018-10-22,72.6,72.9,72.5,72.6,139
2018-10-23,72.6,72,72,72.6,1
2018-10-25,70.4,72,70,70.4,697
2018-10-29,72,72,72,72,700
2018-10-31,72,70,70,72,5
2018-11-01,70.8,72,70,70.8,6088
2018-11-02,69,74.5,69,69,2796
2018-11-05,69,74,74,69,1
2018-11-07,69.2,70,69,69.2,162
2018-11-08,69.2,73.9,73.9,69.2,1
2018-11-09,69.2,73.9,72,69.2,50
2018-11-12,70.3,70.3,70.3,70.3,100
2018-11-13,70,70.7,70,70,507
2018-11-15,70,72.9,72.9,70,20
2018-11-16,69.5,70,69,69.5,1000
2018-11-21,69.5,69,69,69.5,10
2018-11-23,60.6,70,60,60.6,18983
2018-11-26,64.3,65.8,61,64.3,717
2018-11-27,61.2,64.5,61,61.2,1718
2018-11-28,60.1,64.5,60,60.1,662
2018-11-29,58.6,64.1,58,58.6,3883
2018-11-30,55.8,61,55,55.8,17791
2018-12-03,58.8,59.9,57.8,58.8,317
2018-12-04,59.1,60.8,58.7,59.1,1821
2018-12-05,60.8,60.8,60.8,60.8,110
2018-12-06,60.7,60.9,60.7,60.7,267
2018-12-07,57.2,60.2,57.2,57.2,101
2018-12-10,60,60.1,60,60,122
2018-12-11,60.5,60.5,60.4,60.5,122
2018-12-13,60.5,60,60,60.5,17
2018-12-14,60.5,58.2,58.2,60.5,1
2018-12-17,60,60,60,60,706
2018-12-21,58.3,60,58.3,58.3,102
2018-12-31,57.7,58,56.1,57.7,2704
2019-01-02,58.1,58.1,58.1,58.1,179
2019-01-04,57.1,58.1,57,57.1,595
2019-01-07,56.8,57.5,56,56.8,710
2019-01-08,56,57,56,56,801
2019-01-09,57,57,57,57,404
2019-01-10,56.5,58,56.5,56.5,151
2019-01-11,56.5,56.2,56.2,56.5,12
2019-01-14,56.5,59.3,56.2,56.5,51
2019-01-16,56.5,58,56.2,56.5,35
2019-01-21,56.5,57.9,57.9,56.5,2
2019-01-23,56.5,57.8,57.8,56.5,7
2019-01-24,57.8,57.8,56.5,57.8,1307
2019-01-25,57.8,57.9,57.9,57.8,40
2019-01-29,57.8,57.8,56.6,57.8,33
2019-01-30,57.8,57.8,57,57.8,51
2019-01-31,57.8,58,56.6,57.8,115
2019-02-01,57.8,58.6,58.6,57.8,69
2019-02-05,59.1,60,58.6,59.1,286
2019-02-06,63,64,56.8,63,1739
2019-02-07,63,62.4,60.1,63,34
2019-02-08,59.6,60.1,59.5,59.6,118
2019-02-11,59.6,60,59.5,59.6,22
2019-02-12,58.1,59,56.9,58.1,189
2019-02-15,58.1,59,59,58.1,94
2019-02-20,58.1,58.1,58.1,58.1,114
2019-02-21,58.1,57.9,53,58.1,11
2019-02-22,57.5,57.9,57.4,57.5,185
2019-02-27,57.5,54,54,57.5,2
2019-02-28,57.5,59,54,57.5,7
2019-03-01,57.6,58.5,56,57.6,344
2019-03-05,57.6,59,53.6,57.6,83
2019-03-07,57.6,59,54.4,57.6,30
2019-03-08,57.6,54.4,54,57.6,80
2019-03-11,58.9,61,55,58.9,3211
2019-03-12,55,57,55,55,700
2019-03-13,54.2,59,54.1,54.2,111
2019-03-14,54.2,57,57,54.2,1
2019-03-15,55.2,56.9,53,55.2,141
2019-03-18,51.5,57.7,51,51.5,7360
2019-03-19,51.5,55.1,55.1,51.5,1
2019-03-21,52.5,54.6,52.5,52.5,503
2019-03-22,52.5,53.2,51.1,52.5,61
2019-03-25,51.4,54.9,51,51.4,1169
2019-03-26,52.5,54.9,52.5,52.5,302
2019-03-28,52.5,52.9,52.9,52.5,30
2019-03-29,52,54.6,52,52,301
2019-04-01,52,54.7,51.8,52,83
2019-04-02,52.1,54.1,52,52.1,311
2019-04-04,54.6,55,54.3,54.6,321
2019-04-08,55,55,55,55,100
2019-04-09,55,55,52.2,55,376
2019-04-10,55.3,65,52,55.3,2582
2019-04-11,55.3,58,57.1,55.3,13
2019-04-12,53.4,55,53,53.4,900
2019-04-16,53.1,53.1,53.1,53.1,297
2019-04-17,53.7,55.6,53.5,53.7,895
2019-04-18,55.5,55.6,53.3,55.5,528
2019-04-23,55.1,56.4,52.8,55.1,261
2019-04-24,53,55,53,53,1101
2019-04-25,53,55,55,53,1
2019-04-26,52.4,55,52.3,52.4,427
2019-04-29,52.4,55,55,52.4,1
2019-04-30,52.4,55,55,52.4,1
2019-05-02,52.4,54.5,54.5,52.4,1
2019-05-03,52.5,52.5,52.4,52.5,100
2019-05-06,52.5,55,53,52.5,11
2019-05-07,50.2,52.1,50,50.2,586
2019-05-08,50.2,53.4,50,50.2,11
2019-05-09,50.2,53.4,53,50.2,40
2019-05-10,50.2,52,52,50.2,1
2019-05-13,50,50,49.7,50,102
2019-05-14,50,49.7,49.3,50,58
2019-05-15,49.3,50,45,49.3,179
2019-05-21,48,51.8,48,48,943
2019-05-22,52.5,52.9,51.7,52.5,601
2019-05-23,52.5,50,50,52.5,42
2019-05-24,50,52.1,50,50,271
2019-05-27,49,51.7,49,49,521
2019-05-28,49,49.3,49,49,1599
2019-05-29,50,50,50,50,192
2019-05-30,50,50,50,50,34
2019-05-31,50,51.8,49.9,50,4465
2019-06-03,51,52.9,51,51,512
2019-06-04,51,50,50,51,29
2019-06-06,50,52.6,50,50,2001
2019-06-07,50,52.6,50,50,987
2019-06-10,50,52.6,52.6,50,1
2019-06-11,50,52,50,50,51
2019-06-12,50.1,52.6,50,50.1,300
2019-06-13,50.1,52.2,51,50.1,33
2019-06-14,50.1,51.9,51.9,50.1,11
2019-06-17,50.1,50.9,50.9,50.1,1
2019-06-18,50.4,51,50.1,50.4,252
2019-06-19,50,50.5,50,50,338
2019-06-20,50.5,50.9,50.5,50.5,1248
2019-06-21,51.1,52.5,50,51.1,100
2019-06-24,52.5,52.7,52.5,52.5,714
2019-06-25,52.5,52.4,52.4,52.5,4
2019-06-26,52.5,50.6,50.6,52.5,8
2019-06-28,52.5,50.6,50.6,52.5,7
2019-07-01,50.5,50.6,50.5,50.5,1370
2019-07-02,50.5,51.9,51.9,50.5,1
2019-07-03,50.5,52,52,50.5,1
2019-07-04,52.1,52.3,52,52.1,1480
2019-07-05,53.8,53.9,53.8,53.8,293
2019-07-08,56.4,59,53,56.4,1162
2019-07-09,58.8,58.9,54,58.8,147
2019-07-10,58.8,58.8,54,58.8,11
2019-07-12,59.4,60,54.5,59.4,1160
2019-07-15,61.7,62,59,61.7,224
2019-07-17,62.3,65,62,62.3,1104
2019-07-18,62.3,64.5,62.2,62.3,3109
2019-07-19,63,64.9,63,63,1001
2019-07-22,62.3,63.1,61.1,62.3,265
2019-07-23,62.3,63,63,62.3,1
2019-07-24,68,68,67.9,68,207
2019-07-25,63,67.9,62.9,63,297
2019-07-26,68.2,69,67.8,68.2,306
2019-07-29,68.1,70,65,65,2499
2019-07-30,70,75,68,69.3,351
2019-07-31,65,65.2,64.6,65,4709
2019-08-01,70,70,65.1,65,31
2019-08-02,70,70,64,64,1164
2019-08-05,69.8,69.8,68.5,64,21
2019-08-06,63,63,63,64,95
2019-08-07,68.3,68.3,68.3,64,1
2019-08-08,68.3,68.3,68.3,64,1
2019-08-09,68,68.3,68,68.1,228
2019-08-13,68.4,70,62.1,68.8,391
2019-08-16,65,65.5,62,64,6085
2019-08-19,63.5,68.5,63.5,63.5,1914
2019-08-20,67.9,67.9,67.9,63.5,1
2019-08-21,67.8,67.8,63.6,63.7,1217
2019-08-23,63.9,64.5,63.9,64.5,188
2019-08-26,64,66,63.9,64.1,10476
2019-08-27,65,66.2,65,65.8,1105
2019-08-28,66.5,66.9,66.5,66.8,2055
2019-08-29,65.8,66.9,65.8,66.2,138
2019-08-30,66.9,66.9,66.6,66.9,5261
2019-09-02,67.3,67.5,67.3,67.4,3500
2019-09-03,69,69.9,67.5,67.5,518
2019-09-04,68,68,66.9,66.9,806
2019-09-05,68.7,68.7,66.9,66.9,34
2019-09-06,66.4,66.4,63,63,2655
2019-09-09,68,68,68,63,1
2019-09-10,67,67,65.1,65.1,150
2019-09-11,67,67,64.1,64.2,2098
2019-09-12,67,67,64.2,65.2,166
2019-09-16,66,66.5,66,65.2,24
2019-09-17,66.4,66.4,66.4,65.2,11
2019-09-18,64.4,66.3,64.4,66.3,5123
2019-09-19,64.4,65,64.3,64.4,1015
2019-09-20,64.3,64.3,61.3,61.3,665
2019-09-23,61,61,61,61.3,51
2019-09-24,64,64,64,61.3,50
2019-09-25,64,64,62,61.3,35
2019-09-26,62.5,62.5,62.5,62.5,100
2019-09-27,64.5,64.5,64.5,62.5,10
2019-09-30,64.5,64.9,64.5,62.5,53
2019-10-02,62.6,62.6,60,61.4,1000
2019-10-03,65,65,65,61.4,5
2019-10-04,66.5,66.5,66.5,61.4,20
2019-10-08,66.5,66.5,66.5,66.5,1130
2019-10-09,66.5,68,66.5,67.1,1919
2019-10-10,66,74,66,68.3,1945
2019-10-11,69.6,74.6,67,67.2,2592
2019-10-15,68,68.9,67,68,300
2019-10-16,70,70,64.5,68,81
2019-10-17,65.3,68,65.3,68,7
2019-10-18,65.3,67.9,65.3,68,27
2019-10-21,65.3,67,65,65,1033
2019-10-22,68,68,68,65,1
2019-10-23,68,68,68,65,16
2019-10-24,68,68,64,65,3
2019-10-25,68,68,67,65,91
2019-10-28,68,68,67,65,80
2019-10-29,69,69,69,65,1
2019-10-30,70,70,67.3,69.6,116
2019-10-31,72,87,72,83.6,43509
2019-11-01,83.8,87,80.1,84.7,8873
2019-11-04,85.2,85.2,80.8,80.9,1152
2019-11-05,81,84.5,81,82.6,498
2019-11-06,81.2,83.1,80.1,80.6,953
2019-11-07,82.1,82.8,80,80.5,5612
2019-11-08,82.6,82.8,80.5,81.8,8182
2019-11-13,82.5,82.5,80.5,82.3,417
2019-11-14,80.6,81.9,80,80.1,5151
2019-11-15,80.1,81.9,80.1,80.7,1960
2019-11-18,82.9,82.9,80.1,82.6,2373
2019-11-19,82.9,82.9,81.2,82.7,1859
2019-11-20,82.5,83,82.4,82.5,20674
2019-11-21,82,84,82,82.3,1324
2019-11-22,82,87,81,82.2,52274
2019-11-25,82.1,82.1,82,82,554
2019-11-26,82.5,85.5,82.5,82.6,1052
2019-11-27,84.4,86,83.5,85.2,27566
2019-11-28,87,93,87,90.1,43470
2019-11-29,88.5,93,88.5,90.1,32445
2019-12-02,93.7,93.7,89.1,90.1,5631
2019-12-03,92,105,92,100.2,73557
2019-12-04,100,103,98,101.3,25023
2019-12-05,102.1,103.7,94.1,97.6,11406
2019-12-06,98.1,103.5,98.1,101,10618
2019-12-09,99,101.6,97.7,99.3,5169
2019-12-10,98.2,99.8,97.5,99,3631
2019-12-12,101,101,95.1,96.9,3021
2019-12-13,100,100,97.5,97.9,977
2019-12-16,97.3,98,92,93.8,5419
2019-12-17,96.9,96.9,92.5,92.5,1726
2019-12-18,93,95,92.1,92.5,1249
2019-12-19,94,94,94,92.5,6
2019-12-20,93,95,93,94.8,621
2019-12-23,96.8,96.8,96.7,96.8,462
2019-12-24,96.8,98,96.8,98,250
2019-12-26,97.9,99,97.5,98.8,10212
2019-12-27,98.9,102.9,98.9,100,11662
2019-12-30,101.4,101.4,95.2,95.2,3852
2019-12-31,99.8,99.8,95.6,95.7,510
2020-01-02,98,98,96,98,191
2020-01-03,96,98,95.9,96.5,1249
2020-01-06,98,98,95.2,95.8,2661
2020-01-07,95.2,97.9,93,93,689
2020-01-08,92.5,96,88,88.6,5010
2020-01-09,90.9,95.7,90.9,94.9,6707
2020-01-13,95,96,94.9,94.9,4210
2020-01-14,92,92,92,92,100
2020-01-16,94.9,94.9,92,92,8
2020-01-17,94.8,94.8,91.6,92,3
2020-01-20,94.4,94.4,94.4,92,1
2020-01-21,94.4,94.4,92,92,2062
2020-01-22,94.3,94.4,94.3,94.4,250
2020-01-23,94,98.9,92.5,92.5,6418
2020-01-24,98.3,98.3,98.2,92.5,18
2020-01-27,92.6,98,92.6,92.6,1112
2020-01-28,92.7,92.7,92.7,92.7,110
2020-01-29,94,94,92.6,92.7,25
2020-01-30,92.6,94,92.6,92.6,5076
2020-01-31,94,94.5,92.6,94.4,1640
2020-02-03,94.5,98,94.5,97,1119
2020-02-05,93,104,93,102.7,52594
2020-02-06,104,108.8,100,101.3,68314
2020-02-07,101.3,105,100,104.3,23748
2020-02-10,104.9,104.9,100,100,9844
2020-02-11,103.8,103.8,96,97.7,6788
2020-02-12,98,98,95.2,95.9,2146
2020-02-13,95.2,97.5,93,93.5,3160
2020-02-14,95,96,93,95,813
2020-02-17,95.8,97.4,93,93.1,7363
2020-02-18,95.8,97.4,94,94.3,4736
2020-02-19,98,98,93,93,6158
2020-02-20,97.6,97.6,93,93,1456
2020-02-24,93.2,93.2,85.1,90.9,2059
2020-02-25,92,92,88.1,90,1512
2020-02-26,90,90,82,87,4176
2020-02-27,85.1,90,85.1,88,1664
2020-02-28,88,88,85,85.1,212
2020-03-02,87.7,87.7,85.2,85.1,62
2020-03-03,85.2,87,85,86,3152
2020-03-04,85.2,85.2,80.1,80.6,715
2020-03-05,81,81,79.9,79.9,689
2020-03-06,79.9,80,77,77,2659
2020-03-10,77,77,76,77,2430
2020-03-11,77,80,77,77.5,7215
2020-03-12,76.9,76.9,65,70,3081
2020-03-13,70,70,61.2,63.2,2954
2020-03-20,65.6,65.6,60,60.3,4530
2020-05-11,58,58,58,58,4510
2020-05-12,55,63.5,55,56.1,11518
2020-05-13,55.6,55.6,55.6,56.1,2
2020-05-14,64,69,64,67.8,791
2020-05-15,69.7,75,67,69.7,1186
2020-05-18,75,76.4,74.2,75.9,1814
2020-05-19,78,78,77,77,2124
2020-05-20,78.9,78.9,68,71.9,1502
2020-05-21,72.3,75,72.3,72.6,800
2020-05-22,75,75,70.2,73.3,4367
2020-05-26,71.7,71.7,71.1,71.5,518
2020-05-27,71.2,71.2,71,71,2169
2020-05-28,71,71,70,70.7,651
2020-05-29,70.9,71.2,70.8,71.1,1356
2020-06-01,71,71,70.9,71,515
2020-06-02,70.1,71.7,67,67.9,1928
2020-06-03,70,70,70,67.9,1
2020-06-04,69,70.9,69,70.1,3686
2020-06-08,70,70.1,70,70,3399
2020-06-09,70,72.8,70,72,2890
2020-06-10,72,72,72,72,1691
2020-06-11,73,73,72,72.1,13637
2020-06-12,72,72.9,72,72,4017
2020-06-15,72,72.1,72,72.1,110
2020-06-16,73,73,73,73,550
2020-06-17,74.9,74.9,72,72.3,1555
2020-06-18,72.2,75.4,72.1,72.6,136
2020-06-19,75.3,75.3,72.3,72.6,18
2020-06-22,72.5,75.5,72.5,72.6,102
2020-06-23,73.7,75,73.7,75,820
2020-06-24,75.5,80,75,77.3,263
2020-06-25,78,82,76,76.3,398
2020-06-26,81.9,84.5,80,83,3947
2020-06-29,80,83,80,81.3,2265
2020-06-30,80.1,82.9,80,81.3,51
2020-07-01,80,82.9,80,80,1034
2020-07-02,80,80,80,80,4469
2020-07-03,80,80,80,80,11309
2020-07-06,80,80,80,80,1827
2020-07-07,80,80,80,80,1694
2020-07-08,81.3,81.3,81.3,81.3,200
2020-07-09,81.3,83,81.3,81.3,3341
2020-07-10,81.2,81.2,80.1,80.4,6206
2020-07-13,80.1,80.1,78,79.8,11632
2020-07-14,80,81,80,80,5532
2020-07-15,80,81.5,80,81.3,4660
2020-07-16,80,81.7,80,80.1,319
2020-07-17,80.1,80.1,80.1,80.1,50
2020-07-20,80,80,80,80,10500
2020-07-21,82,82,80,82,10306
2020-07-22,82,84.7,81.1,84,1360
2020-07-23,81.8,81.8,81.8,81.8,101
2020-07-24,82,84,82,83.2,3349
2020-07-27,84,86,84,84.4,228
2020-07-28,86,88,86,86.2,3113
2020-07-29,86.1,86.1,86.1,86.2,1
2020-07-30,86,86,85,85.2,536
2020-07-31,88.8,88.8,88.8,85.2,1
2020-08-04,89,98.5,89,95.7,4252
2020-08-05,96,96,92.7,92.9,562
2020-08-06,95,95,92.7,93,1741
2020-08-07,100,100,95.1,97,14461
2020-08-10,99.9,99.9,95.1,95.1,1800
2020-08-11,95.1,98.4,95,95.1,505
2020-08-12,95,98,95,96,2976
2020-08-13,95,97,93.1,94.9,2536
2020-08-14,93.3,97,91.1,93,9014
2020-08-17,93.3,96.7,93.3,94.6,1255
2020-08-18,95,95,93.2,93.3,2165
2020-08-19,93.2,95,93.2,93.3,27
2020-08-20,93.5,95,93.1,93.2,1432
2020-08-21,93.9,95,93,94.9,1416
2020-08-24,95,95,91.5,92,511
2020-08-25,92,92,91.8,91.9,562
2020-08-26,95,95,91.7,92.3,886
2020-08-27,91.8,91.8,91.8,92.3,34
2020-08-28,94.4,94.4,94.4,92.3,1
2020-08-31,94.9,94.9,93,93.7,4802
2020-09-02,94,94.9,94,94,3383
2020-09-03,94,94.9,90,90.5,1572
2020-09-04,93.6,93.6,92,92.2,219
2020-09-07,94,94,93.9,94,252
2020-09-08,93.8,93.8,91,91.1,1936
2020-09-09,93.8,93.8,90.3,90.7,3679
2020-09-10,93.3,93.3,91,91,2368
2020-09-11,90.7,91.5,90.1,91.3,1488
2020-09-14,91.3,92,90,90.2,1355
2020-09-15,90.2,95,90.1,93.7,1938
2020-09-16,95,97,94.5,94.8,12032
2020-09-17,92,95,92,92.2,578
2020-09-18,92.1,93.4,92,92.1,1426
2020-09-21,90.8,95,90.8,93.1,902
2020-09-22,94.9,94.9,90,91,5300
2020-09-23,91.1,93,90.8,90.9,397
2020-09-24,91,93.1,91,93.1,777
2020-09-25,91,91.5,91,91.3,2199
2020-09-28,91.6,91.6,86.1,90.9,9497
2020-09-29,90.9,90.9,90.5,90.9,8146
2020-09-30,90.9,93.1,90,92.9,2677
2020-10-02,93.1,93.7,92.1,93.1,3967
2020-10-05,88.4,88.4,80,82.8,6204
2020-10-06,76.5,87.9,76.5,86.7,1744
2020-10-07,82.1,82.5,80.1,82.5,3080
2020-10-08,85.9,88.8,85.5,86.3,1041
2020-10-09,90,94.9,88,88,2244
2020-10-12,89,90,88,88.2,891
2020-10-13,88.5,88.5,87.5,88.1,350
2020-10-14,89,89,86.1,88,1518
2020-10-15,89,95,89,90,1780
2020-10-16,92,92,89.3,90,28
2020-10-19,92.9,92.9,89.4,91.5,1181
2020-10-20,92.5,92.5,92.3,92.3,501
2020-10-21,89.5,89.5,85,85.2,2944
2020-10-22,85,88,84,87.5,2363
2020-10-23,88,88,83.5,88,204
2020-10-26,87.9,87.9,85.3,85.3,104
2020-10-27,88,88.1,86.6,88,324
2020-10-28,88,88,86.5,86.5,458
2020-10-29,89.8,89.9,85,88.8,3334
2020-11-02,88.7,89.5,81.9,88.6,722
2020-11-03,88,88,88,88,800
2020-11-04,84.5,89.9,84.5,88.8,1594
2020-11-05,86,90,86,86.4,12383
2020-11-06,90,91,86.7,87.3,4832
2020-11-09,87,91,87,91,134
2020-11-10,95,105,95,101.8,72949
2020-11-11,100,102,96.2,101.2,13048
2020-11-12,97,100,97,101.2,11
2020-11-13,100,107.5,98.9,106.4,18340
2020-11-16,106.6,107.5,104,106.5,8241
2020-11-17,106.7,119,106.7,115.7,47531
2020-11-18,116.5,119,114,114.4,17847
2020-11-19,116,116,111,112.5,8201
2020-11-20,114,114.5,108,111.7,2255
2020-11-23,110.1,111.7,108,109.1,5386
2020-11-24,111.9,113,109.1,109.6,3374
2020-11-25,101,113,101,108.8,9136
2020-11-26,108.8,112.5,108.8,110.3,1923
2020-11-27,112,115,108.8,110.2,1989
2020-11-30,114,115,114,114,7605
2020-12-01,114,117,112.3,116,16709
2020-12-02,117,117.5,111.1,115.5,3353
2020-12-03,116.5,120,116,117.4,5617
2020-12-04,118,120,117.4,118.2,1349
2020-12-07,120,120,118,118.6,4842
2020-12-08,119,120,118.6,119.2,5833
2020-12-09,118.9,120,116.9,117.6,3231
2020-12-10,120,147,120,141.2,245383
2020-12-11,151,155,140.5,146.9,3476
2020-12-14,150,150,139,140.1,3107
2020-12-15,142,143.9,133.1,135.1,4233
2020-12-16,134.1,136.9,125.4,128.1,1251
2020-12-17,134.3,134.3,129.5,132.1,445
2020-12-18,128.1,132.9,128.1,130.2,1064
2020-12-21,131,132,131,131.1,139
2020-12-22,133,133,132.3,132.9,3354
2020-12-23,132.2,133,132.1,132.5,179
2020-12-24,133,133,132.1,132.9,831
2020-12-30,134,139,134,134.1,1215
2020-12-31,136,140,136,136.5,1095
2021-01-04,137.5,137.6,137.5,137.6,883
2021-01-05,137.6,137.6,137.6,137.6,2017
2021-01-06,137.6,140,137.6,138.9,429
2021-01-07,137.2,137.2,137.2,138.9,7
2021-01-08,138,140,138,139.75,160
2021-01-11,137.5,137.5,132,132.25,4555
2021-01-12,137.5,140,134,135.25,4976
2021-01-13,139.75,141,139.75,140.25,6724
2021-01-15,143,143,137,137.25,6281
2021-01-18,141,143,134,140.75,2232
2021-01-19,140,142,140,141.75,1587
2021-01-20,145,146,142,142.5,13200
2021-01-21,142.5,145.75,138,145.25,4089
2021-01-22,145.25,152,145.25,151,10620
2021-01-25,152,152,147,148,3077
2021-01-26,147,180,147,177,20032
2021-01-27,179.75,200,179.75,186,9978
2021-01-29,184.25,185,175.5,181.75,8054
2021-02-01,182,185.25,172.25,181.75,23959
2021-02-02,180,180,161,165.25,6649
2021-02-03,175,180,161.25,177,8637
2021-02-05,180.5,214.75,180,193,9743
2021-02-08,192.75,192.75,187,187,4463
2021-02-09,185,195,169.5,189.5,10605
2021-02-10,180.75,191.5,168,174,5074
2021-02-11,177,179,165,168.5,4616
2021-02-12,178.75,182,162,175,2123
2021-02-15,180,180,175,176.75,3544
2021-02-16,173.5,173.5,173.25,176.75,50
2021-02-17,173.25,176.75,166,169,1274
2021-02-18,176,180,168.5,175,50319
2021-02-19,175.5,184,175.5,178,3728
2021-02-22,183.75,188.75,172,173.75,428
2021-02-23,172,176,167.25,170.25,141
2021-02-24,177,177,176.5,177,151
2021-02-25,167.75,167.75,166,166.25,1255
2021-03-01,168,170,167,168.25,23592
2021-03-02,164.75,165.5,164.75,164.75,1114
2021-03-03,165,165,162.5,162.75,753
2021-03-04,162.25,162.25,155.75,157.25,1292
2021-03-05,157.25,159,154,158,2097
2021-03-08,156,159,156,157,135
2021-03-09,162.25,162.25,157,157.25,953
2021-03-10,157.25,157.25,157.25,157.25,834
2021-03-12,166.75,177,166.75,170,3101
2021-03-15,153,160,153,156,99835
2021-03-16,156,156,156,156,100
2021-03-17,160,160,160,160,254
2021-03-18,155.5,155.5,155.25,155.25,101
2021-03-19,155.25,155.25,153.25,155.25,1222
2021-03-22,152.25,170,152.25,161,558
2021-03-23,170,170,152.5,156,260
2021-03-24,167.5,167.75,160.25,165,237
2021-03-25,152.5,169.25,152.5,165,8
2021-03-26,167.75,167.75,167.75,165,5
2021-03-29,166.75,167,151,166.75,207
2021-03-30,160,160,160,160,1037
2021-03-31,160,160,159,159.5,100
2021-04-05,161,161,152,159.5,22
2021-04-06,160,160,160,159.5,5
2021-04-07,154.25,160,151,151,352
2021-04-08,152,152,152,151,1
2021-04-09,150.75,151.25,150.75,151.25,205
2021-04-12,151.25,158.75,151.25,151.25,21
2021-04-15,157,157,153.5,155,225
2021-04-16,152,157,150.25,153,149
2021-04-19,153,153,151,151,139
2021-04-20,152.75,153,151.25,151,24
2021-04-21,159,159,158.5,151,13
2021-04-22,151.5,151.5,150,150,402
2021-04-27,155,155,127.25,144.25,1346
2021-04-28,141,150,141,147.5,2100
2021-04-29,141,149,141,146.25,1023
2021-04-30,143,143,143,146.25,40
2021-05-03,150,150,142,148.75,411
2021-05-04,149.75,149.75,149.75,148.75,10
2021-05-05,147.75,148,147.75,148.75,16
2021-05-06,148,148,143.25,144.25,262
2021-05-07,145.25,147.75,145,145,919
2021-05-10,145,145,144,144.75,125
2021-05-12,144,147,141,147,977
2021-05-13,145,145,144,144,1012
2021-05-17,141.5,147.75,141.5,141.5,8736
2021-05-18,146,152,146,152,456
2021-05-19,151.5,153,151.25,152,31
2021-05-20,152.75,152.75,152.75,152,1
2021-05-21,145.25,145.25,145,145.25,8110
2021-05-24,147.75,147.75,147.75,145.25,1
2021-05-25,145.25,152,144,151.5,1332
2021-05-28,152.5,153.25,151,153,334
2021-05-31,158.25,165,158.25,160.75,10764
2021-06-01,160.25,162.75,160.25,160.75,11
2021-06-03,152.25,169,152.25,164.75,7106
2021-06-04,169.75,189,167,178.5,16643
2021-06-07,167.5,184.5,167.5,175,1704
2021-06-08,175,176,170,172.75,1777
2021-06-09,170.25,170.25,170,170,650
2021-06-10,170.25,178,170,171.5,1201
2021-06-11,172,185,171.5,179.5,8929
2021-06-14,176.5,176.5,176,176.5,460
2021-06-15,176.25,177,172,176.5,1482
2021-06-16,178.75,178.75,172.25,177.75,246
2021-06-17,178,181.75,178,181.75,4555
2021-06-18,180,180,179,181.75,78
2021-06-21,178,178,178,178,187
2021-06-22,180.25,183,179,179,1746
2021-06-23,179,179,175,175.25,382
2021-06-25,176,176,175,175,122
2021-06-28,175,175,175,175,54
2021-06-29,175,175,171.5,175,25
2021-06-30,175,175,174,175,921
2021-07-01,177.75,177.75,177.75,175,25
2021-07-02,172,172,171,171,601
2021-07-05,183.75,185,174.5,174.75,815
2021-07-06,172.75,185,172.75,182,6190
2021-07-07,179,180,177,182,79
2021-07-08,170.5,170.5,170,170,507
2021-07-09,171.25,179,171.25,174.75,757
2021-07-12,175,175,174.75,174.75,31
2021-07-13,179.5,179.5,170,173.5,143
2021-07-14,179.5,179.5,173.5,173.5,10
2021-07-15,175,175,173,173,512
2021-07-16,173,173,170,172,137
2021-07-19,173,182,172,179.5,2966
2021-07-20,172,175,172,173.25,1321
2021-07-22,179,183,172,180.5,7012
2021-07-26,181,181,180.5,180.75,4130
2021-07-27,181,181,175,180.75,884
2021-07-28,180.75,180.75,180.75,180.75,100
2021-07-29,180,180,178.25,178.5,216
2021-07-30,179.25,179.25,175.25,178.5,78
2021-08-02,178.75,179.25,173,174.5,304
2021-08-03,174.5,179.25,173,179.25,1523
2021-08-04,178,178,172,172,701
2021-08-05,172.25,172.25,169,169.25,1699
2021-08-06,169.75,178.75,169.75,169.25,96
2021-08-09,178.75,180,170,170.5,5770
2021-08-10,170,171,170,170,527
2021-08-11,171,178.75,171,178.25,3021
2021-08-12,170.75,170.75,170.75,178.25,3
2021-08-13,176.5,178,170.75,177.75,3067
2021-08-16,161,166.25,161,177.75,11
2021-08-17,177.75,177.75,174,177.75,62
2021-08-18,169.25,176.5,169.25,177.75,16
2021-08-20,169.25,174,169,169.25,385
2021-08-23,169,169,167.75,168.75,333
2021-08-24,167.5,168.5,167,168.75,74
2021-08-25,168,168,165,165.25,705
2021-08-26,160,166.75,160,166,102
2021-08-27,165.5,165.5,161,162.5,1001
2021-08-30,162.75,164,160,160,2829
2021-08-31,164,164,162,163,313
2021-09-01,159.5,159.5,159,159.5,1474
2021-09-02,159.5,160,157.5,158.5,4288
2021-09-03,159,159,158.5,158.5,69
2021-09-06,158.75,158.75,157.5,157.5,1257
2021-09-07,158.75,160,158.25,159.5,1607
2021-09-08,158,159,156.5,157.25,1415
2021-09-09,156.5,156.5,156,156.5,387
2021-09-10,159,165.75,159,161.75,2497
2021-09-13,162.75,162.75,150.5,155,342
2021-09-14,155,159.75,154.25,155,146
2021-09-15,153,153.25,152,152.5,1035
2021-09-16,153.25,159,153,153.25,1148
2021-09-17,153.25,153.25,153,153.25,6
2021-09-21,158,158,157.5,158,164
2021-09-22,158,158,157.5,157.75,773
2021-09-23,153.5,153.5,153.5,157.75,5
2021-09-24,157.5,157.5,153.75,153.75,143
2021-09-27,158,158,158,153.75,6
2021-09-28,157,157,152.5,156.25,1806
2021-09-29,156.25,158.5,154.25,157.5,994
2021-09-30,153,156,152.5,152.75,132
2021-10-01,158,158,152,153,183
2021-10-04,158,158,150,150.5,1583
2021-10-06,152,152,150,150.5,954
2021-10-07,151,152,151,151,1486
2021-10-08,151,157,151,153,130
2021-10-11,153,153,152,152,1582
2021-10-12,152.75,157,152.5,152.75,1407
2021-10-13,154,155,153.75,154.5,803
2021-10-14,154.75,155,154.5,154.5,22
2021-10-15,155,155,155,155,111
2021-10-18,156,156,154.25,154.25,223
2021-10-21,156.75,156.75,155.75,156.75,1109
2021-10-22,157.75,177.25,157.75,165.75,6239
2021-10-25,168,176,159.5,176,4109
2021-10-26,160.25,173,160.25,176,28
2021-10-27,169.75,169.75,169.75,176,37
2021-10-28,162,169.5,162,166.5,306
2021-10-29,166.25,166.25,166.25,166.25,216
2021-11-01,166,166,165,165,253
2021-11-02,168,169.5,166.5,168.75,862
2021-11-03,167,167,166,166.5,1281
2021-11-05,166,166.75,166,166,190
2021-11-08,166.5,167,166,166,133
2021-11-09,166,166,162,166,22
2021-11-10,161,161,161,166,21
2021-11-11,161.25,163.5,161,166,54
2021-11-12,161.25,161.25,161.25,166,2
2021-11-15,161,161,160,160,989
2021-11-16,158.25,158.25,157,158,576
2021-11-17,156,156.75,156,156,257
2021-11-19,158,158,158,158,1000
2021-11-22,156,156,156,158,23
2021-11-23,170,170,167,158,25
2021-11-24,165.75,165.75,164,158,53
2021-11-25,164.5,164.5,164.25,158,16
2021-11-26,158,163,156,156.25,2456
2021-11-29,156,163,156,156.25,26
2021-11-30,160,160,160,156.25,15
2021-12-01,156.25,160,155.5,156,1761
2021-12-02,157,157,151,153.25,431
2021-12-03,154,154,153,153,165
2021-12-06,151.25,151.25,148,148.5,2000
2021-12-07,150,154,150,154,234
2021-12-08,154,154,150.25,150.25,288
2021-12-09,150.5,154,150.5,151,228
2021-12-10,151,151,150.5,151,3669
2021-12-13,155.25,160,155,157.5,418
2021-12-14,156,156,155.5,155.5,135
2021-12-15,159.5,160,154.75,155.25,682
2021-12-16,155,160.5,153.5,155,3511
2021-12-17,155,155.25,155,155,509
2021-12-20,163,169,158,163.5,4681
2021-12-21,166,166,158,165.75,1953
2021-12-22,166.5,205,160,189.25,35596
2021-12-23,190,236.5,190,213,19426
2021-12-24,210,210,200,207.75,638
2021-12-27,200,200,185,192.5,1162
2021-12-28,192.75,215,190,214.25,13099
2021-12-29,191,225,191,219.75,26460
2021-12-30,225,225,195,200.25,483
2021-12-31,206,219.25,205,210.25,3797
2022-01-03,205,224.75,205,220,1500
2022-01-04,197,209,197,203,1467
2022-01-05,215,216,212,212,1525
2022-01-06,210,212,207.25,207.25,524
2022-01-07,209,210,208,209,3221
2022-01-10,206.25,212,205,205,5201
2022-01-11,205,208,205,207.5,348
2022-01-12,209.5,215.25,209.5,211.75,559
2022-01-13,209.75,209.75,205,211.75,13
2022-01-18,205,219,205,217.25,617
2022-01-19,219.25,225,210,222.75,2702
2022-01-20,224.5,224.5,215,215,1175
2022-01-21,207.5,215,207.5,214,168
2022-01-24,215,215,207,210.5,691
2022-01-25,210,210,209.5,209.5,350
2022-01-26,209.25,226,207,220.25,4547
2022-01-27,225,229,200,203,2778
2022-01-28,210,210,200,201.5,840
2022-01-31,201.5,210,201.5,205,5215
2022-02-01,202,216.75,201.5,205,2873
2022-02-02,203.25,203.25,203,203,821
2022-02-03,210,210,202,203,26
2022-02-07,202.25,210,202,204.5,2849
2022-02-08,202.25,202.25,202.25,202.25,100
2022-02-09,215,275,215,252.5,85921
2022-02-10,253,260,220,254.75,2789
2022-02-11,253.5,253.5,220,243,833
2022-02-14,226,253,226,243,60
2022-02-15,249.5,249.5,231,242.25,842
2022-02-18,245,245,221.25,223,208
2022-02-21,221.5,221.5,213.75,220.25,316
2022-02-22,220,246,220,237.25,5320
2022-02-23,218.25,220.75,215,215.5,696
2022-02-24,218,218,200,201.25,1222
2022-02-25,210,212.5,200,207,238
2022-02-28,201,210,200,207,5
2022-03-02,205,210,202,209.5,961
2022-03-03,209.5,209.5,209.5,209.5,50
2022-03-04,209,224.5,202.25,204.75,4723
2022-03-07,205,219.5,205,207,350
2022-03-08,210,210,200.25,203.25,140
2022-03-09,182.25,182.25,179,179.5,376
2022-03-10,199,205,191,203.25,353
2022-03-11,212,212,190,191,218
2022-03-14,200.5,210,194,207.5,272
2022-03-15,182,200,182,194.5,1768
2022-03-16,181,203.75,180,180.5,2834
2022-03-18,190,190,190,180.5,27
2022-03-21,204,218,204,180.5,33
2022-03-22,190,190,190,190,220
2022-03-23,218,218,191,190,18
2022-03-24,190,205,190,190,80
2022-03-25,190,190,190,190,7
2022-03-28,185.5,189.75,180,180.25,1358
2022-03-29,176,176,173,173,192
2022-03-30,165,165,160,161.75,856
2022-03-31,170,170,170,161.75,12
2022-04-04,155,155,145,152.5,203
2022-04-05,157,187,152.5,163.5,170
2022-04-06,172,172,171,172,103
2022-04-07,170,170,170,172,18
2022-04-08,165,165,165,172,16
2022-04-25,155.5,155.5,145,146,376
2022-04-27,146,146,137.5,140.75,167
2022-04-28,149.5,149.5,140,147.25,409
2022-04-29,157.5,157.5,157.5,147.25,7
2022-05-04,150,162.5,150,150,102
2022-05-05,155,155,155,150,5
2022-05-06,150,150,150,150,148
2022-05-09,150,150,150,150,2
2022-05-12,160,160,160,150,10
2022-05-13,158,160,151,158,1563
2022-05-17,163.25,169,163.25,166.5,110
2022-05-18,166.5,190,166.5,177.5,2381
2022-05-19,166.5,166.5,166.5,177.5,47
2022-05-20,166.5,166.5,166.5,177.5,50
2022-05-23,172,182,172,178,154
2022-05-24,174,174,173.75,174,812
2022-05-25,176.5,183,176.5,182.5,834
2022-05-26,184,184,184,182.5,10
2022-05-27,179.5,179.5,160,160.75,147
2022-05-30,161,161.5,161,161.5,1206
2022-05-31,157,157,157,161.5,31
2022-06-02,165,165,164.75,165,229
2022-06-06,170,170,150,154.75,793
2022-06-08,157.5,157.5,146,146.5,1539
2022-06-10,167,167,140,142.5,210
2022-06-13,140,140,132.5,134.25,513
2022-06-16,149.5,149.5,148.75,148.75,158
2022-06-17,148,148,148,148.75,2
2022-06-21,131.25,140,131.25,135.25,113
2022-06-22,135.25,135.25,135,135,225
2022-06-24,145,145,145,135,5
2022-06-27,136,136,135.75,135,18
2022-06-28,135.75,135.75,135.75,135,9
2022-06-29,135.75,149.75,135.75,138.5,377
2022-06-30,140,140,127,127.75,211
2022-07-01,137,140,137,127.75,8
2022-07-05,139,139,139,127.75,2
2022-07-06,147,147,133.5,127.75,28
2022-07-07,139.75,139.75,132,132.5,354
2022-07-11,131,131,131,132.5,25
2022-07-15,130,138,130,135.25,175
2022-07-18,149,149,130,135.25,6
2022-07-19,135,135,135,135.25,1
2022-07-20,135.5,142,129,130.5,330
2022-07-25,149,149,147.75,130.5,3
2022-07-26,147,147,146.25,130.5,9
2022-07-27,132,145.75,132,132.25,105
2022-07-28,145.25,145.25,145.25,132.25,5
2022-07-29,145,145,140,132.25,38
2022-08-01,140.25,140.25,140.25,132.25,16
2022-08-02,147.75,155,144,132.25,49
2022-08-03,144.25,145,144.25,145,319
2022-08-04,155,164.5,155,162,293
2022-08-05,144,160,144,146.75,156
2022-08-08,160,160,151,146.75,40
2022-08-09,155,155,151,146.75,52
2022-08-10,160,172.5,160,168.75,385
2022-08-12,160,170,160,168.75,26
2022-08-15,168,177.5,168,176.5,335
2022-08-16,168.75,180,168.75,176.5,53
2022-08-17,162.25,179,162.25,173.75,2121
2022-08-18,170.75,170.75,170.75,173.75,13
2022-08-19,171,171,166.5,167,1026
2022-08-22,171,171,167.5,170.5,339
2022-08-23,170.5,178.75,167,168,700
2022-08-24,169,169,166,168,98
2022-08-25,160.75,160.75,160,160,248
2022-08-26,160,160,159.75,160,7
2022-08-30,174.75,174.75,174.75,160,1
2022-08-31,174,174,164,164.75,446
2022-09-01,174.75,175,163.25,165,628
2022-09-02,169.5,188,169.5,179.5,11764
2022-09-05,174.75,175,174,179.5,9
2022-09-06,174,174,174,174,499
2022-09-07,179.25,184,179.25,174,14
2022-09-08,181,181,180,180,255
2022-09-09,182.5,184.25,179.75,183,106
2022-09-12,173,182.5,173,180.25,235
2022-09-13,180,183.75,180,180,8361
2022-09-14,182.75,185,182.75,180,59
2022-09-15,183.25,183.25,179,180.5,131
2022-09-19,188,188,188,180.5,2
2022-09-20,175.5,175.5,175.5,180.5,28
2022-09-21,169,180,169,169.75,593
2022-09-22,169.5,180,168.5,169.25,653
2022-09-23,170,180,170,179.5,204
2022-09-26,169,180,163,171.25,730
2022-09-28,170,177,166.25,169,1099
2022-09-30,168,168,166.25,166.5,461
2022-10-03,166.5,166.5,157.75,166.5,75
2022-10-04,165,165,165,166.5,10
2022-10-05,158,160,156.5,166.5,71
2022-10-06,160,160,156.5,159,286
2022-10-12,159,159,155.25,159,11
2022-10-13,152.5,160.25,152.5,159,33
2022-10-17,159,159,157.5,157.5,200
2022-10-18,154.75,154.75,154.5,157.5,44
2022-10-20,156.5,156.5,150,157.5,70
2022-10-21,156.5,156.5,156.5,157.5,3
2022-10-25,150.5,150.5,150,150,662
2022-10-26,150,150,147.5,149.75,404
2022-10-27,147.75,147.75,147.75,147.75,200
2022-10-28,156.25,156.25,149.25,147.75,18
2022-10-31,148.25,148.25,147.75,147.75,29
2022-11-01,148,148,147.75,147.75,81
2022-11-02,147.25,147.25,147.25,147.75,10
2022-11-04,147.75,148,147.75,147.75,64
2022-11-09,147.75,148,147.75,147.75,31
2022-11-11,146.5,146.5,146.5,147.75,15
2022-11-14,155,155,152,147.75,6
2022-11-15,150,150,148,147.75,6
2022-11-21,145,145,140,140.5,115
2022-11-23,150,150,140,140.5,73
2022-11-24,149,149,140,140.5,50
2022-11-25,140,146.75,138,140.5,74
2022-11-30,145,145,145,140.5,44
2022-12-01,145,145,142,143,190
2022-12-02,142,145,142,145,120
2022-12-05,145,149.5,145,149.5,1233
2022-12-08,143,159,143,149.5,65
2022-12-12,151,151,150,150,557
2022-12-13,144.25,144.25,141.5,143.5,1151
2022-12-16,149.25,149.25,149.25,143.5,41
2022-12-19,149,149,141.5,143.5,6
2022-12-22,142,142,142,143.5,2
2022-12-23,149,149,149,143.5,8
2022-12-27,149,149,149,143.5,92
2022-12-29,147.5,147.5,147.5,143.5,1
2022-12-30,147,147,142.25,143.5,17
2023-01-02,147,150,147,149.25,4140
2023-01-04,141.75,142,141.25,141.25,104
2023-01-05,148.75,148.75,146.25,148.5,165
2023-01-09,149,149,149,148.5,11
2023-01-11,149.25,149.25,141,148.5,12
2023-01-13,142,142,142,148.5,10
2023-01-17,142,150,142,148.5,43
2023-01-18,159.5,159.5,159.5,148.5,1
2023-01-19,150,160,150,148.5,43
2023-01-20,155,155,155,148.5,8
2023-01-23,155,165,155,148.5,83
2023-01-24,155.5,165,155,163.5,353
2023-01-25,170,170,169,163.5,53
2023-01-26,164.75,164.75,160,163.5,32
2023-01-27,159,165,159,160,117
2023-01-30,165,165,160,160.25,314
2023-01-31,167.75,168,160.25,160.25,25
2023-02-01,168.75,169,168.75,160.25,9
2023-02-02,165,165,165,160.25,32
2023-02-03,161,161,160,160.25,57
2023-02-06,162,162,161.5,160.25,16
2023-02-07,162,162,161,160.25,15
2023-02-08,160.5,160.5,160.5,160.25,38
2023-02-09,160.25,160.25,160.25,160.25,13
2023-02-10,160.75,161,160.75,160.25,7
2023-02-13,161,161,161,160.25,26
2023-02-14,160,160,145.25,160.25,65
2023-02-15,150.25,152,150.25,160.25,92
2023-02-16,162.25,179.5,162.25,170.25,290
2023-02-17,175,177,174,170.25,83
2023-02-20,175.75,176,161,170.25,27
2023-02-21,175,175,161,170.25,33
2023-02-22,161,174.5,161,162,110
2023-02-23,174,175,174,162,10
2023-02-24,173.75,173.75,161,162,9
2023-02-27,170,174,170,162,15
2023-03-01,155,173.5,155,162,15
2023-03-03,156,171.5,155,159,449
2023-03-07,160,169.75,160,159,43
2023-03-08,165,165,164,159,30
2023-03-09,162.5,168,159,165,622
2023-03-10,166.5,166.5,158,158.75,195
2023-03-13,158,167,150,156,2321
2023-03-14,156,156,155,155,1576
2023-03-20,159.75,159.75,159.75,155,55
2023-03-21,162,165,153.5,153.5,1448
2023-03-22,155.25,155.75,152.75,153.5,550
2023-03-23,160,160,160,160,100
2023-03-24,161,161,160,160,19
2023-03-27,158,158,157.75,158,1262
2023-03-28,155,155,154,158,17
2023-03-29,157.5,157.5,157.5,158,15
2023-04-03,157,157,157,158,3
2023-04-04,154,155,125,130,1037
2023-04-06,152,152,152,130,19
2023-04-10,151,151,126,132.75,543
2023-04-12,132.25,145,132.25,137,465
2023-04-17,148,150,146,150,319
2023-04-18,150.5,150.5,150,150.5,159
2023-04-20,153,154,153,150.5,38
2023-04-25,141.5,141.5,140,140,844
2023-04-26,140,140,139,139.5,814
2023-04-27,139,140,139,139,224
2023-04-28,139.5,140,139.5,139,58
2023-05-02,138,138.25,136,136.5,329
2023-05-03,149,149,136,136.5,24
2023-05-08,147,147,147,136.5,1
2023-05-09,139.25,139.25,137.5,138,502
2023-05-10,138,138,138,138,10
2023-05-11,138.25,144,138.25,138,19
2023-05-12,139,139,137,137.5,312
2023-05-15,137.5,137.5,137.5,137.5,62
2023-05-16,137.25,137.25,136,137.5,89
2023-05-17,136,136.25,136,136,537
2023-05-18,136,136,136,136,485
2023-05-19,138,138,138,136,29
2023-05-22,138,138,133.5,136,2
2023-05-23,135,135,135,136,19
2023-05-24,137.25,137.25,136.25,136,17
2023-05-25,140,140,140,136,27
2023-05-29,136.25,136.25,136.25,136.25,113
2023-05-30,136.25,136.25,136,136,116
2023-06-01,137,137,136,137,287
2023-06-02,134,134,134,137,83
2023-06-05,136,140,136,137.5,193
2023-06-06,136,136,136,136,100
2023-06-08,136.75,136.75,136,136,22
2023-06-09,140,140,140,136,2
2023-06-12,140,140,139.75,136,94
2023-06-13,139.75,139.75,139.75,136,5
2023-06-14,138,139.75,137,138,285
2023-06-15,137,139.75,137,138.5,544
2023-06-16,137.25,137.25,137,138.5,52
2023-06-19,137,139.5,135.75,136.25,224
2023-06-23,139,139,139,136.25,6
2023-06-26,136.75,136.75,136.75,136.75,239
2023-06-27,137.5,137.5,137,137,732
2023-07-04,139,143.75,139,139.5,1077
2023-07-05,144.75,144.75,142,139.5,28
2023-07-06,143.5,143.5,143.5,139.5,4
2023-07-07,144,144,143.5,139.5,59
2023-07-10,143.5,144.5,143.5,144,124
2023-07-11,143.5,147,143.25,147,2038
2023-07-12,146.75,146.75,144,145.75,117
2023-07-13,146.75,149,146.75,148.5,324
2023-07-14,149,149,148.5,148.5,27
2023-07-17,149,149,148.25,148.5,65
2023-07-19,149,149,148.75,148.5,6
2023-07-20,148.75,150.25,148.75,150,408
2023-07-21,152.5,159,152.5,158.75,427
2023-07-24,154.5,156.25,153,153.5,448
2023-07-25,154,155,154,154.25,234
2023-07-26,154,154,154,154.25,10
2023-07-27,157.25,166.5,157.25,160.5,504
2023-07-28,165,165,155,155.25,253
2023-07-31,164,164,162,155.25,95
2023-08-02,164.5,164.5,157.5,155.25,39
2023-08-03,162,162.5,160,160.75,140
2023-08-04,163,163,153.5,153.5,1574
2023-08-07,154,155,151,154.25,250
2023-08-08,150,159.75,150,154.75,2665
2023-08-09,159.75,159.75,159.75,154.75,1
2023-08-10,157,157,157,157,126
2023-08-11,157,157,151.75,157,76
2023-08-14,152,157,150,150.5,274
2023-08-15,154.75,154.75,150,151.75,144
2023-08-16,155,155,155,151.75,1
2023-08-17,154.25,154.25,154,151.75,41
2023-08-18,154.5,154.5,151,151.75,53
2023-08-21,154.5,154.5,148.5,151.75,70
2023-08-22,154.5,157,154.5,151.75,2
2023-08-24,158,158,148,151.75,3
2023-08-25,158,158,158,151.75,25
2023-08-28,153,153.25,153,153,935
2023-08-29,153,157.5,153,155,303
2023-08-31,157.5,157.5,157.5,155,60
2023-09-01,157.5,162.25,157.5,160.5,3624
2023-09-04,162,162.75,161.75,160.5,96
2023-09-05,158,161.75,158,159,1149
2023-09-06,157,170,153,162.25,5608
2023-09-07,167.75,169.25,165,162.25,55
2023-09-08,166,166,162.25,162.25,1030
2023-09-11,160,169.5,160,162.25,25
2023-09-12,167.5,167.5,160.25,160.25,202
2023-09-13,164.75,164.75,163,160.25,11
2023-09-14,165,165,161,162,473
2023-09-15,162.75,162.75,161.25,162,12
2023-09-18,166.75,166.75,166.75,162,1
2023-09-19,165,165,160,160.5,288
2023-09-20,166,166,161,161,901
2023-09-21,166,166,156,157.75,148
2023-09-22,160,160,160,157.75,22
2023-09-25,164,164,156,156.25,395
2023-09-26,157.75,157.75,157.75,156.25,2
2023-09-27,158.5,158.5,145,145,1004
2023-10-02,155,155,154.75,154.75,748
2023-10-03,154.75,154.75,154.75,154.75,308
2023-10-04,154.75,154.75,154.75,154.75,11
2023-10-05,154.75,154.75,154,154.75,18
2023-10-09,150,150,150,150,120
2023-10-10,159,159,142.75,144.75,1294
2023-10-11,157,157,156.5,144.75,5
2023-10-12,150,150.5,150,150,179
2023-10-13,158,158,154,150,34
2023-10-16,154,156.75,154,155.25,695
2023-10-17,157.5,157.5,153,155.25,52
2023-10-18,156.5,156.5,150.25,155.25,7
2023-10-19,156.25,156.25,156.25,155.25,1
2023-10-20,143,155.75,143,155.25,14
2023-10-23,155,155,147.5,155.25,71
2023-10-24,155,155,148.5,155.25,54
2023-10-25,148.5,148.5,144,144.25,1571
2023-10-26,153,153,141,141.25,880
2023-10-27,145,149.75,145,141.25,19
2023-10-30,149.75,152,149.75,151.75,650
2023-10-31,153.75,153.75,143,146.5,181
2023-11-01,153,153,153,146.5,1
2023-11-02,152.75,152.75,152.75,146.5,1
2023-11-03,147,153,147,146.5,2
2023-11-06,158,172,152,166,258
2023-11-07,152,156.75,152,155.25,403
2023-11-08,155,155,155,155.25,5
2023-11-09,152.25,152.25,152,152,429
2023-11-10,152,154.5,152,153,161
2023-11-13,145.5,154.5,145.5,153,51
2023-11-14,155.25,155.25,155,153,2
2023-11-15,155,155,155,153,1
2023-11-16,155,155,148.25,153,27
2023-11-17,154,154,150,153,10
2023-11-20,153,154,153,153.75,101
2023-11-21,154.75,169.75,150,158.75,109
2023-11-22,159.75,159.75,159,158.75,2
2023-11-23,159.75,160,145,149.5,135
2023-11-24,159.5,159.5,158,149.5,14
2023-11-27,151.25,151.25,150.5,151.25,124
2023-11-28,150.5,158,148.25,149,336
2023-11-29,157.5,157.5,157.5,149,1
2023-11-30,149,149,148.5,149,189
2023-12-04,151,151,150,149,19
2023-12-05,150.25,150.25,148,149,98
2023-12-06,150,151,147,149,84
2023-12-07,151,153.75,151,149,13
2023-12-08,146,155,146,149,9
2023-12-11,149,150,149,149,20
2023-12-12,153.75,153.75,153.5,149,6
2023-12-13,152.5,152.5,147,147,321
2023-12-15,151.5,151.5,147,147,1037
2023-12-19,152.5,152.5,147,147.25,285
2023-12-20,147,151.75,147,147.25,76
2023-12-21,151.75,151.75,151.5,147.25,4
2023-12-22,150,150,150,147.25,93
2023-12-27,151,151,150,150.25,138
2024-01-02,151,151,150.25,150.25,288
2024-01-03,150.25,150.25,150,150.25,90
2024-01-04,150,150,150,150.25,90
2024-01-08,153.75,153.75,152.5,150.25,36
2024-01-10,150.25,150.25,146,148,197
2024-01-11,146.25,146.25,146,146,150
2024-01-12,146.25,149.75,146,146,177
2024-01-16,150,150,150,146,2
2024-01-17,148,159.5,147.25,149.75,449
2024-01-18,150.5,151.5,150.5,151,183
2024-01-19,148.5,148.5,147.25,151,21
2024-01-22,147.25,150,147.25,151,86
2024-01-24,152,153,147.5,151.5,161
2024-01-26,147.25,147.25,147.25,151.5,10
2024-01-29,154.5,159.25,154.5,151.5,18
2024-01-30,148,160,148,159.5,101
2024-01-31,149.25,149.25,149,149,200
2024-02-01,154,154,154,149,13
2024-02-02,149,149,146,149,730
2024-02-06,146.5,146.5,146.5,146.5,220
2024-02-07,150,162.5,150,152,514
2024-02-08,161.75,161.75,161.75,152,1
2024-02-09,152,158,152,152,62
2024-02-12,158,158,154.5,155.25,292
2024-02-13,162,162,160.5,155.25,11
2024-02-14,159,159,152.75,155.25,33
2024-02-15,172,172,159,159.25,2708
2024-02-16,160,165,160,160.75,384
2024-02-19,165,165,163,164.75,298
2024-02-20,163,164.5,163,164.75,32
2024-02-21,164,164,160.5,161.5,313
2024-02-22,161,161,155.5,155.75,391
